survey,variable,concept,year,quarter,horizon_quarter,target_year,target_quarter,n,mean_probability,median,disagreement,target_period,horizon_quarters,realized,source,error,brier_score
us,RECESS,fixed_weighted_real_gnp,1968,4,0,1968,4,86,2.8255813953488373,0.0,10.40383623869254,1968Q4,0,,,,
us,RECESS,fixed_weighted_real_gnp,1968,4,1,1969,1,86,17.686046511627907,10.0,19.118369132948906,1969Q1,1,,,,
us,RECESS,fixed_weighted_real_gnp,1968,4,2,1969,2,86,19.813953488372093,19.0,18.296583819942022,1969Q2,2,,,,
us,RECESS,fixed_weighted_real_gnp,1968,4,3,1969,3,86,12.63953488372093,10.0,16.673270465521032,1969Q3,3,,,,
us,RECESS,fixed_weighted_real_gnp,1968,4,4,1969,4,86,9.290697674418604,5.0,12.554695656882158,1969Q4,4,,,,
us,RECESS,fixed_weighted_real_gnp,1969,1,0,1969,1,62,6.661290322580645,0.0,11.841775936242295,1969Q1,0,,,,
us,RECESS,fixed_weighted_real_gnp,1969,1,1,1969,2,62,17.419354838709676,10.0,16.99329509734554,1969Q2,1,,,,
us,RECESS,fixed_weighted_real_gnp,1969,1,2,1969,3,62,15.725806451612904,15.0,14.09356248211696,1969Q3,2,,,,
us,RECESS,fixed_weighted_real_gnp,1969,1,3,1969,4,62,11.806451612903226,10.0,12.454295078046886,1969Q4,3,,,,
us,RECESS,fixed_weighted_real_gnp,1969,2,0,1969,2,58,0.5172413793103449,0.0,2.915424072011003,1969Q2,0,,,,
us,RECESS,fixed_weighted_real_gnp,1969,2,1,1969,3,58,4.913793103448276,0.0,8.137598427482715,1969Q3,1,,,,
us,RECESS,fixed_weighted_real_gnp,1969,2,2,1969,4,58,13.0,10.0,13.04916479144876,1969Q4,2,,,,
us,RECESS,fixed_weighted_real_gnp,1969,2,3,1970,1,58,22.086206896551722,20.0,18.778752908501357,1970Q1,3,,,,
us,RECESS,fixed_weighted_real_gnp,1969,2,4,1970,2,58,20.689655172413794,17.5,18.17865231195668,1970Q2,4,,,,
us,RECESS,fixed_weighted_real_gnp,1969,3,0,1969,3,114,12.728070175438596,1.5,17.553097746284188,1969Q3,0,,,,
us,RECESS,fixed_weighted_real_gnp,1969,3,1,1969,4,114,24.31578947368421,20.0,20.814951990393016,1969Q4,1,,,,
us,RECESS,fixed_weighted_real_gnp,1969,3,2,1970,1,114,30.473684210526315,25.0,25.053998506700097,1970Q1,2,,,,
us,RECESS,fixed_weighted_real_gnp,1969,3,3,1970,2,114,23.614035087719298,20.0,23.189297490162428,1970Q2,3,,,,
us,RECESS,fixed_weighted_real_gnp,1969,4,0,1969,4,56,29.303571428571427,27.5,23.94760921288359,1969Q4,0,,,,
us,RECESS,fixed_weighted_real_gnp,1969,4,1,1970,1,56,44.232142857142854,40.0,24.83618406601624,1970Q1,1,,,,
us,RECESS,fixed_weighted_real_gnp,1969,4,2,1970,2,56,39.839285714285715,40.0,22.511230963244092,1970Q2,2,,,,
us,RECESS,fixed_weighted_real_gnp,1969,4,3,1970,3,56,21.821428571428573,20.0,17.3405537741678,1970Q3,3,,,,
us,RECESS,fixed_weighted_real_gnp,1969,4,4,1970,4,56,12.535714285714286,10.0,13.074561401597984,1970Q4,4,,,,
us,RECESS,fixed_weighted_real_gnp,1970,1,0,1970,1,56,62.125,60.0,20.885020730396484,1970Q1,0,,,,
us,RECESS,fixed_weighted_real_gnp,1970,1,1,1970,2,56,45.875,50.0,17.502272579712198,1970Q2,1,,,,
us,RECESS,fixed_weighted_real_gnp,1970,1,2,1970,3,56,25.625,25.0,17.252733643739425,1970Q3,2,,,,
us,RECESS,fixed_weighted_real_gnp,1970,1,3,1970,4,56,14.035714285714286,10.0,13.049506135850905,1970Q4,3,,,,
us,RECESS,fixed_weighted_real_gnp,1970,2,0,1970,2,47,49.0,50.0,25.470357878027208,1970Q2,0,,,,
us,RECESS,fixed_weighted_real_gnp,1970,2,1,1970,3,47,29.085106382978722,30.0,18.21947093589956,1970Q3,1,,,,
us,RECESS,fixed_weighted_real_gnp,1970,2,2,1970,4,47,16.617021276595743,15.0,15.140721353628868,1970Q4,2,,,,
us,RECESS,fixed_weighted_real_gnp,1970,2,3,1971,1,47,9.382978723404255,10.0,9.563411233058051,1971Q1,3,,,,
us,RECESS,fixed_weighted_real_gnp,1970,2,4,1971,2,1,10.0,10.0,,1971Q2,4,,,,
us,RECESS,fixed_weighted_real_gnp,1970,3,0,1970,3,55,29.363636363636363,20.0,28.480899145947205,1970Q3,0,,,,
us,RECESS,fixed_weighted_real_gnp,1970,3,1,1970,4,55,23.636363636363637,20.0,17.668095997068168,1970Q4,1,,,,
us,RECESS,fixed_weighted_real_gnp,1970,3,2,1971,1,55,17.10909090909091,10.0,19.38372047695229,1971Q1,2,,,,
us,RECESS,fixed_weighted_real_gnp,1970,3,3,1971,2,55,9.727272727272727,5.0,15.546173216695538,1971Q2,3,,,,
us,RECESS,fixed_weighted_real_gnp,1970,3,4,1971,3,55,6.636363636363637,5.0,11.40883938714259,1971Q3,4,,,,
us,RECESS,fixed_weighted_real_gnp,1970,4,0,1970,4,123,57.073170731707314,70.0,35.4995199070994,1970Q4,0,,,,
us,RECESS,fixed_weighted_real_gnp,1970,4,1,1971,1,123,13.065040650406504,5.0,18.123772920542322,1971Q1,1,,,,
us,RECESS,fixed_weighted_real_gnp,1970,4,2,1971,2,123,11.0,5.0,15.094782509741353,1971Q2,2,,,,
us,RECESS,fixed_weighted_real_gnp,1970,4,3,1971,3,123,16.739837398373982,10.0,18.468332399344785,1971Q3,3,,,,
us,RECESS,fixed_weighted_real_gnp,1970,4,4,1971,4,123,12.772357723577235,5.0,18.769880393048478,1971Q4,4,,,,
us,RECESS,fixed_weighted_real_gnp,1971,1,0,1971,1,54,5.203703703703703,0.0,12.986756141560653,1971Q1,0,,,,
us,RECESS,fixed_weighted_real_gnp,1971,1,1,1971,2,54,6.796296296296297,2.5,11.657663492279717,1971Q2,1,,,,
us,RECESS,fixed_weighted_real_gnp,1971,1,2,1971,3,54,21.62962962962963,20.0,19.396845003418797,1971Q3,2,,,,
us,RECESS,fixed_weighted_real_gnp,1971,1,3,1971,4,54,8.907407407407407,7.5,10.445308631003932,1971Q4,3,,,,
us,RECESS,fixed_weighted_real_gnp,1971,1,4,1972,1,54,7.0,4.0,8.859490168047811,1972Q1,4,,,,
us,RECESS,fixed_weighted_real_gnp,1971,2,0,1971,2,57,3.8947368421052633,0.0,8.490928374545044,1971Q2,0,,,,
us,RECESS,fixed_weighted_real_gnp,1971,2,1,1971,3,57,18.0,10.0,16.402308199936808,1971Q3,1,,,,
us,RECESS,fixed_weighted_real_gnp,1971,2,2,1971,4,57,6.280701754385965,5.0,7.846187395264276,1971Q4,2,,,,
us,RECESS,fixed_weighted_real_gnp,1971,2,3,1972,1,57,4.56140350877193,0.0,7.636887791361387,1972Q1,3,,,,
us,RECESS,fixed_weighted_real_gnp,1971,2,4,1972,2,57,4.508771929824562,0.0,7.399620663582174,1972Q2,4,,,,
us,RECESS,fixed_weighted_real_gnp,1971,3,0,1971,3,96,11.697916666666666,5.0,17.12561626500315,1971Q3,0,,,,
us,RECESS,fixed_weighted_real_gnp,1971,3,1,1971,4,96,8.03125,5.0,15.524820958370944,1971Q4,1,,,,
us,RECESS,fixed_weighted_real_gnp,1971,3,2,1972,1,96,7.979166666666667,5.0,14.575378782956781,1972Q1,2,,,,
us,RECESS,fixed_weighted_real_gnp,1971,3,3,1972,2,96,8.572916666666666,4.0,15.28242526334824,1972Q2,3,,,,
us,RECESS,fixed_weighted_real_gnp,1971,3,4,1972,3,96,7.864583333333333,1.5,13.70103322394004,1972Q3,4,,,,
us,RECESS,fixed_weighted_real_gnp,1971,4,0,1971,4,75,3.6666666666666665,0.0,8.645156952811137,1971Q4,0,,,,
us,RECESS,fixed_weighted_real_gnp,1971,4,1,1972,1,75,5.026666666666666,0.0,8.82712853640402,1972Q1,1,,,,
us,RECESS,fixed_weighted_real_gnp,1971,4,2,1972,2,75,5.453333333333333,0.0,8.11287487508212,1972Q2,2,,,,
us,RECESS,fixed_weighted_real_gnp,1971,4,3,1972,3,75,6.093333333333334,2.0,9.033231939858473,1972Q3,3,,,,
us,RECESS,fixed_weighted_real_gnp,1971,4,4,1972,4,75,7.546666666666667,5.0,11.628591666411895,1972Q4,4,,,,
us,RECESS,fixed_weighted_real_gnp,1972,1,0,1972,1,66,3.893939393939394,0.0,9.079357462658464,1972Q1,0,,,,
us,RECESS,fixed_weighted_real_gnp,1972,1,1,1972,2,66,4.666666666666667,0.0,8.330358443360755,1972Q2,1,,,,
us,RECESS,fixed_weighted_real_gnp,1972,1,2,1972,3,66,5.0,0.5,7.408934315561698,1972Q3,2,,,,
us,RECESS,fixed_weighted_real_gnp,1972,1,3,1972,4,66,6.166666666666667,5.0,8.72764543687442,1972Q4,3,,,,
us,RECESS,fixed_weighted_real_gnp,1972,1,4,1973,1,66,9.045454545454545,5.0,12.032560720084378,1973Q1,4,,,,
us,RECESS,fixed_weighted_real_gnp,1972,2,0,1972,2,70,1.8285714285714285,0.0,6.4200127061399135,1972Q2,0,,,,
us,RECESS,fixed_weighted_real_gnp,1972,2,1,1972,3,70,3.0714285714285716,0.0,6.92259779623569,1972Q3,1,,,,
us,RECESS,fixed_weighted_real_gnp,1972,2,2,1972,4,70,4.628571428571429,0.0,7.768706136227312,1972Q4,2,,,,
us,RECESS,fixed_weighted_real_gnp,1972,2,3,1973,1,70,6.7,5.0,8.504644937165008,1973Q1,3,,,,
us,RECESS,fixed_weighted_real_gnp,1972,2,4,1973,2,70,8.457142857142857,5.0,9.518381475929877,1973Q2,4,,,,
us,RECESS,fixed_weighted_real_gnp,1972,3,0,1972,3,68,2.1029411764705883,0.0,5.709744762265603,1972Q3,0,,,,
us,RECESS,fixed_weighted_real_gnp,1972,3,1,1972,4,68,3.5294117647058822,0.0,8.89821479368117,1972Q4,1,,,,
us,RECESS,fixed_weighted_real_gnp,1972,3,2,1973,1,68,6.367647058823529,3.5,13.32924560546795,1973Q1,2,,,,
us,RECESS,fixed_weighted_real_gnp,1972,3,3,1973,2,68,7.25,5.0,9.844120906302932,1973Q2,3,,,,
us,RECESS,fixed_weighted_real_gnp,1972,3,4,1973,3,68,9.941176470588236,10.0,10.023676974433897,1973Q3,4,,,,
us,RECESS,fixed_weighted_real_gnp,1972,4,0,1972,4,62,1.0,0.0,3.3632536939452047,1972Q4,0,,,,
us,RECESS,fixed_weighted_real_gnp,1972,4,1,1973,1,62,2.161290322580645,0.0,4.077903464824713,1973Q1,1,,,,
us,RECESS,fixed_weighted_real_gnp,1972,4,2,1973,2,62,4.032258064516129,1.5,5.850508572360335,1973Q2,2,,,,
us,RECESS,fixed_weighted_real_gnp,1972,4,3,1973,3,62,8.919354838709678,5.0,11.048771739609457,1973Q3,3,,,,
us,RECESS,fixed_weighted_real_gnp,1972,4,4,1973,4,62,13.14516129032258,10.0,13.537860419123007,1973Q4,4,,,,
us,RECESS,fixed_weighted_real_gnp,1973,1,0,1973,1,65,2.0923076923076924,0.0,11.231544691352394,1973Q1,0,,,,
us,RECESS,fixed_weighted_real_gnp,1973,1,1,1973,2,65,3.4923076923076923,0.0,11.349728902218157,1973Q2,1,,,,
us,RECESS,fixed_weighted_real_gnp,1973,1,2,1973,3,65,6.246153846153846,3.0,11.8163429849705,1973Q3,2,,,,
us,RECESS,fixed_weighted_real_gnp,1973,1,3,1973,4,65,11.307692307692308,10.0,11.547352343885855,1973Q4,3,,,,
us,RECESS,fixed_weighted_real_gnp,1973,1,4,1974,1,65,16.107692307692307,15.0,11.727535809105259,1974Q1,4,,,,
us,RECESS,fixed_weighted_real_gnp,1973,2,0,1973,2,62,2.774193548387097,0.0,10.036685748512,1973Q2,0,,,,
us,RECESS,fixed_weighted_real_gnp,1973,2,1,1973,3,62,6.516129032258065,2.0,11.905009188839646,1973Q3,1,,,,
us,RECESS,fixed_weighted_real_gnp,1973,2,2,1973,4,62,13.53225806451613,10.0,15.703938883506298,1973Q4,2,,,,
us,RECESS,fixed_weighted_real_gnp,1973,2,3,1974,1,62,22.629032258064516,20.0,17.663738786015315,1974Q1,3,,,,
us,RECESS,fixed_weighted_real_gnp,1973,2,4,1974,2,62,27.451612903225808,25.0,19.342196646875145,1974Q2,4,,,,
us,RECESS,fixed_weighted_real_gnp,1973,3,0,1973,3,45,3.1555555555555554,0.0,8.772258845504117,1973Q3,0,,,,
us,RECESS,fixed_weighted_real_gnp,1973,3,1,1973,4,45,12.222222222222221,10.0,13.257740258719688,1973Q4,1,,,,
us,RECESS,fixed_weighted_real_gnp,1973,3,2,1974,1,45,26.133333333333333,25.0,19.16744398950755,1974Q1,2,,,,
us,RECESS,fixed_weighted_real_gnp,1973,3,3,1974,2,45,28.377777777777776,25.0,17.438579082139704,1974Q2,3,,,,
us,RECESS,fixed_weighted_real_gnp,1973,3,4,1974,3,45,24.77777777777778,20.0,18.245658124716698,1974Q3,4,,,,
us,RECESS,fixed_weighted_real_gnp,1973,4,0,1973,4,57,15.157894736842104,10.0,20.13063538994752,1973Q4,0,,,,
us,RECESS,fixed_weighted_real_gnp,1973,4,1,1974,1,57,47.35087719298246,50.0,25.912966437170695,1974Q1,1,,,,
us,RECESS,fixed_weighted_real_gnp,1973,4,2,1974,2,57,48.824561403508774,50.0,22.24468058966774,1974Q2,2,,,,
us,RECESS,fixed_weighted_real_gnp,1973,4,3,1974,3,57,30.31578947368421,30.0,18.963459124191644,1974Q3,3,,,,
us,RECESS,fixed_weighted_real_gnp,1973,4,4,1974,4,57,22.80701754385965,15.0,21.589050297125848,1974Q4,4,,,,
us,RECESS,fixed_weighted_real_gnp,1974,1,0,1974,1,63,70.82539682539682,80.0,23.116492982800413,1974Q1,0,,,,
us,RECESS,fixed_weighted_real_gnp,1974,1,1,1974,2,63,52.507936507936506,50.0,21.048234173021626,1974Q2,1,,,,
us,RECESS,fixed_weighted_real_gnp,1974,1,2,1974,3,63,30.158730158730158,25.0,18.38144782567322,1974Q3,2,,,,
us,RECESS,fixed_weighted_real_gnp,1974,1,3,1974,4,63,17.666666666666668,10.0,15.343381466896716,1974Q4,3,,,,
us,RECESS,fixed_weighted_real_gnp,1974,1,4,1975,1,63,12.666666666666666,10.0,14.564650090478127,1975Q1,4,,,,
us,RECESS,fixed_weighted_real_gnp,1974,2,0,1974,2,49,50.857142857142854,50.0,20.61956999228322,1974Q2,0,,,,
us,RECESS,fixed_weighted_real_gnp,1974,2,1,1974,3,49,30.244897959183675,25.0,17.846020345636468,1974Q3,1,,,,
us,RECESS,fixed_weighted_real_gnp,1974,2,2,1974,4,49,21.102040816326532,20.0,14.044935175415821,1974Q4,2,,,,
us,RECESS,fixed_weighted_real_gnp,1974,2,3,1975,1,49,16.714285714285715,12.0,12.551560327969852,1975Q1,3,,,,
us,RECESS,fixed_weighted_real_gnp,1974,2,4,1975,2,49,13.122448979591837,10.0,11.74314099992918,1975Q2,4,,,,
us,RECESS,fixed_weighted_real_gnp,1974,3,0,1974,3,54,45.629629629629626,45.0,17.215938530410682,1974Q3,0,,,,
us,RECESS,fixed_weighted_real_gnp,1974,3,1,1974,4,54,34.81481481481482,35.0,14.152903661105418,1974Q4,1,,,,
us,RECESS,fixed_weighted_real_gnp,1974,3,2,1975,1,54,23.833333333333332,20.0,13.27609569795021,1975Q1,2,,,,
us,RECESS,fixed_weighted_real_gnp,1974,3,3,1975,2,54,18.555555555555557,15.0,14.833245000090317,1975Q2,3,,,,
us,RECESS,fixed_weighted_real_gnp,1974,4,0,1974,4,53,88.49056603773585,97.0,14.977704766019896,1974Q4,0,,,,
us,RECESS,fixed_weighted_real_gnp,1974,4,1,1975,1,53,74.05660377358491,75.0,18.188558422112536,1975Q1,1,,,,
us,RECESS,fixed_weighted_real_gnp,1974,4,2,1975,2,53,48.905660377358494,50.0,19.483981735442416,1975Q2,2,,,,
us,RECESS,fixed_weighted_real_gnp,1974,4,3,1975,3,53,28.169811320754718,30.0,15.969605564533913,1975Q3,3,,,,
us,RECESS,fixed_weighted_real_gnp,1974,4,4,1975,4,53,17.92452830188679,15.0,14.690196962343725,1975Q4,4,,,,
us,RECESS,fixed_weighted_real_gnp,1975,1,0,1975,1,46,88.71739130434783,95.0,18.871098470622282,1975Q1,0,,,,
us,RECESS,fixed_weighted_real_gnp,1975,1,1,1975,2,46,60.5,60.0,20.03191897392204,1975Q2,1,,,,
us,RECESS,fixed_weighted_real_gnp,1975,1,2,1975,3,46,36.19565217391305,30.0,20.981070373307023,1975Q3,2,,,,
us,RECESS,fixed_weighted_real_gnp,1975,1,3,1975,4,46,22.282608695652176,20.0,18.00328740780202,1975Q4,3,,,,
us,RECESS,fixed_weighted_real_gnp,1975,1,4,1976,1,46,15.0,10.0,16.666666666666668,1976Q1,4,,,,
us,RECESS,fixed_weighted_real_gnp,1975,2,0,1975,2,46,61.891304347826086,60.0,22.24332934798862,1975Q2,0,,,,
us,RECESS,fixed_weighted_real_gnp,1975,2,1,1975,3,46,31.195652173913043,27.5,20.115908094195156,1975Q3,1,,,,
us,RECESS,fixed_weighted_real_gnp,1975,2,2,1975,4,46,17.804347826086957,10.0,16.16528456665001,1975Q4,2,,,,
us,RECESS,fixed_weighted_real_gnp,1975,2,3,1976,1,46,12.869565217391305,10.0,15.659727109375076,1976Q1,3,,,,
us,RECESS,fixed_weighted_real_gnp,1975,2,4,1976,2,46,11.130434782608695,5.0,16.093627028046672,1976Q2,4,,,,
us,RECESS,fixed_weighted_real_gnp,1975,3,0,1975,3,39,19.435897435897434,20.0,14.324794242657273,1975Q3,0,,,,
us,RECESS,fixed_weighted_real_gnp,1975,3,1,1975,4,39,10.820512820512821,10.0,9.12449506857285,1975Q4,1,,,,
us,RECESS,fixed_weighted_real_gnp,1975,3,2,1976,1,39,8.256410256410257,7.0,8.216536434846207,1976Q1,2,,,,
us,RECESS,fixed_weighted_real_gnp,1975,3,3,1976,2,39,8.58974358974359,5.0,8.502996217179314,1976Q2,3,,,,
us,RECESS,fixed_weighted_real_gnp,1975,3,4,1976,3,39,11.41025641025641,10.0,11.695068570978627,1976Q3,4,,,,
us,RECESS,fixed_weighted_real_gnp,1975,4,0,1975,4,47,10.063829787234043,3.0,19.356387840484786,1975Q4,0,,,,
us,RECESS,fixed_weighted_real_gnp,1975,4,1,1976,1,47,12.51063829787234,10.0,13.414580549642588,1976Q1,1,,,,
us,RECESS,fixed_weighted_real_gnp,1975,4,2,1976,2,47,12.702127659574469,10.0,12.941196258153433,1976Q2,2,,,,
us,RECESS,fixed_weighted_real_gnp,1975,4,3,1976,3,47,15.46808510638298,15.0,14.206322939834232,1976Q3,3,,,,
us,RECESS,fixed_weighted_real_gnp,1975,4,4,1976,4,47,18.74468085106383,15.0,18.229775076847535,1976Q4,4,,,,
us,RECESS,fixed_weighted_real_gnp,1976,1,0,1976,1,48,4.291666666666667,0.0,8.960809075679503,1976Q1,0,,,,
us,RECESS,fixed_weighted_real_gnp,1976,1,1,1976,2,48,6.875,5.0,8.978994399459882,1976Q2,1,,,,
us,RECESS,fixed_weighted_real_gnp,1976,1,2,1976,3,48,8.1875,5.0,9.33685502201505,1976Q3,2,,,,
us,RECESS,fixed_weighted_real_gnp,1976,1,3,1976,4,48,11.645833333333334,10.0,11.755468774119166,1976Q4,3,,,,
us,RECESS,fixed_weighted_real_gnp,1976,1,4,1977,1,48,16.270833333333332,12.5,15.663672001397881,1977Q1,4,,,,
us,RECESS,fixed_weighted_real_gnp,1976,2,0,1976,2,49,1.7551020408163265,0.0,3.6715721669157952,1976Q2,0,,,,
us,RECESS,fixed_weighted_real_gnp,1976,2,1,1976,3,49,3.2857142857142856,0.0,4.90747728811182,1976Q3,1,,,,
us,RECESS,fixed_weighted_real_gnp,1976,2,2,1976,4,49,5.571428571428571,3.0,7.0563210433388495,1976Q4,2,,,,
us,RECESS,fixed_weighted_real_gnp,1976,2,3,1977,1,49,9.10204081632653,5.0,9.618222501150234,1977Q1,3,,,,
us,RECESS,fixed_weighted_real_gnp,1976,2,4,1977,2,49,12.83673469387755,10.0,12.390095067525225,1977Q2,4,,,,
us,RECESS,fixed_weighted_real_gnp,1976,3,0,1976,3,36,4.416666666666667,1.0,9.047098982546835,1976Q3,0,,,,
us,RECESS,fixed_weighted_real_gnp,1976,3,1,1976,4,36,6.25,5.0,9.571908303542642,1976Q4,1,,,,
us,RECESS,fixed_weighted_real_gnp,1976,3,2,1977,1,36,9.36111111111111,5.0,10.749492420648862,1977Q1,2,,,,
us,RECESS,fixed_weighted_real_gnp,1976,3,3,1977,2,36,12.222222222222221,10.0,11.904647618499043,1977Q2,3,,,,
us,RECESS,fixed_weighted_real_gnp,1976,3,4,1977,3,36,16.11111111111111,15.0,12.823589374447563,1977Q3,4,,,,
us,RECESS,fixed_weighted_real_gnp,1976,4,0,1976,4,36,6.166666666666667,0.5,10.258097846509918,1976Q4,0,,,,
us,RECESS,fixed_weighted_real_gnp,1976,4,1,1977,1,36,6.972222222222222,5.0,8.904208029629624,1977Q1,1,,,,
us,RECESS,fixed_weighted_real_gnp,1976,4,2,1977,2,36,8.055555555555555,5.0,10.652818391512158,1977Q2,2,,,,
us,RECESS,fixed_weighted_real_gnp,1976,4,3,1977,3,36,10.0,10.0,10.539720787844159,1977Q3,3,,,,
us,RECESS,fixed_weighted_real_gnp,1976,4,4,1977,4,36,13.38888888888889,10.0,13.416999404333037,1977Q4,4,,,,
us,RECESS,fixed_weighted_real_gnp,1977,1,0,1977,1,40,10.65,5.0,15.750539266307271,1977Q1,0,,,,
us,RECESS,fixed_weighted_real_gnp,1977,1,1,1977,2,40,5.4,1.5,8.886174799321841,1977Q2,1,,,,
us,RECESS,fixed_weighted_real_gnp,1977,1,2,1977,3,40,5.525,1.5,10.55386063765172,1977Q3,2,,,,
us,RECESS,fixed_weighted_real_gnp,1977,1,3,1977,4,40,6.35,5.0,7.450864689107205,1977Q4,3,,,,
us,RECESS,fixed_weighted_real_gnp,1977,1,4,1978,1,40,10.975,10.0,12.233806670085384,1978Q1,4,,,,
us,RECESS,fixed_weighted_real_gnp,1977,2,0,1977,2,41,1.5609756097560976,0.0,4.980204717116581,1977Q2,0,,,,
us,RECESS,fixed_weighted_real_gnp,1977,2,1,1977,3,41,3.951219512195122,1.0,5.911646215362499,1977Q3,1,,,,
us,RECESS,fixed_weighted_real_gnp,1977,2,2,1977,4,41,7.585365853658536,5.0,8.294503028379992,1977Q4,2,,,,
us,RECESS,fixed_weighted_real_gnp,1977,2,3,1978,1,41,13.292682926829269,10.0,12.128981619326135,1978Q1,3,,,,
us,RECESS,fixed_weighted_real_gnp,1977,2,4,1978,2,41,16.829268292682926,15.0,13.003658021926734,1978Q2,4,,,,
us,RECESS,fixed_weighted_real_gnp,1977,3,0,1977,3,37,4.45945945945946,0.0,7.798128673650544,1977Q3,0,,,,
us,RECESS,fixed_weighted_real_gnp,1977,3,1,1977,4,37,8.027027027027026,5.0,10.417630586031885,1977Q4,1,,,,
us,RECESS,fixed_weighted_real_gnp,1977,3,2,1978,1,37,14.891891891891891,10.0,16.189474948221736,1978Q1,2,,,,
us,RECESS,fixed_weighted_real_gnp,1977,3,3,1978,2,37,19.864864864864863,20.0,18.41973905316758,1978Q2,3,,,,
us,RECESS,fixed_weighted_real_gnp,1977,3,4,1978,3,37,23.054054054054053,20.0,20.68674554978239,1978Q3,4,,,,
us,RECESS,fixed_weighted_real_gnp,1977,4,0,1977,4,42,4.142857142857143,0.0,6.675661759729412,1977Q4,0,,,,
us,RECESS,fixed_weighted_real_gnp,1977,4,1,1978,1,42,9.642857142857142,10.0,9.809953702114534,1978Q1,1,,,,
us,RECESS,fixed_weighted_real_gnp,1977,4,2,1978,2,42,14.30952380952381,10.0,11.866098656622048,1978Q2,2,,,,
us,RECESS,fixed_weighted_real_gnp,1977,4,3,1978,3,42,18.452380952380953,17.5,13.135694028388192,1978Q3,3,,,,
us,RECESS,fixed_weighted_real_gnp,1977,4,4,1978,4,42,22.69047619047619,20.0,16.390788750553554,1978Q4,4,,,,
us,RECESS,fixed_weighted_real_gnp,1978,1,0,1978,1,26,3.423076923076923,0.0,5.201331190555563,1978Q1,0,,,,
us,RECESS,fixed_weighted_real_gnp,1978,1,1,1978,2,26,6.653846153846154,5.0,7.042399066751657,1978Q2,1,,,,
us,RECESS,fixed_weighted_real_gnp,1978,1,2,1978,3,26,10.807692307692308,10.0,11.993395618486804,1978Q3,2,,,,
us,RECESS,fixed_weighted_real_gnp,1978,1,3,1978,4,26,17.884615384615383,12.5,17.666526366157946,1978Q4,3,,,,
us,RECESS,fixed_weighted_real_gnp,1978,1,4,1979,1,26,23.192307692307693,17.5,20.358819672602298,1979Q1,4,,,,
us,RECESS,fixed_weighted_real_gnp,1978,2,0,1978,2,36,2.8055555555555554,0.0,9.051659498817864,1978Q2,0,,,,
us,RECESS,fixed_weighted_real_gnp,1978,2,1,1978,3,36,8.694444444444445,5.0,12.249360203570856,1978Q3,1,,,,
us,RECESS,fixed_weighted_real_gnp,1978,2,2,1978,4,36,13.277777777777779,10.0,13.385730378943757,1978Q4,2,,,,
us,RECESS,fixed_weighted_real_gnp,1978,2,3,1979,1,36,20.555555555555557,16.5,20.260368695621995,1979Q1,3,,,,
us,RECESS,fixed_weighted_real_gnp,1978,2,4,1979,2,36,26.055555555555557,22.5,23.929592491837315,1979Q2,4,,,,
us,RECESS,fixed_weighted_real_gnp,1978,3,0,1978,3,27,5.074074074074074,1.0,9.805516210182315,1978Q3,0,,,,
us,RECESS,fixed_weighted_real_gnp,1978,3,1,1978,4,27,10.962962962962964,10.0,12.033547598537508,1978Q4,1,,,,
us,RECESS,fixed_weighted_real_gnp,1978,3,2,1979,1,27,24.037037037037038,20.0,17.857300772602528,1979Q1,2,,,,
us,RECESS,fixed_weighted_real_gnp,1978,3,3,1979,2,27,29.48148148148148,20.0,21.811024682962458,1979Q2,3,,,,
us,RECESS,fixed_weighted_real_gnp,1978,3,4,1979,3,27,31.48148148148148,25.0,22.30965705072128,1979Q3,4,,,,
us,RECESS,fixed_weighted_real_gnp,1978,4,0,1978,4,29,4.724137931034483,0.0,7.3964110588666,1978Q4,0,,,,
us,RECESS,fixed_weighted_real_gnp,1978,4,1,1979,1,29,21.379310344827587,20.0,18.414694817500365,1979Q1,1,,,,
us,RECESS,fixed_weighted_real_gnp,1978,4,2,1979,2,29,33.44827586206897,30.0,22.364810060987313,1979Q2,2,,,,
us,RECESS,fixed_weighted_real_gnp,1978,4,3,1979,3,29,35.51724137931034,40.0,21.14342297205846,1979Q3,3,,,,
us,RECESS,fixed_weighted_real_gnp,1978,4,4,1979,4,29,33.3448275862069,30.0,25.97014200696771,1979Q4,4,,,,
us,RECESS,fixed_weighted_real_gnp,1979,1,0,1979,1,34,12.088235294117647,10.0,14.546409839396327,1979Q1,0,,,,
us,RECESS,fixed_weighted_real_gnp,1979,1,1,1979,2,34,23.794117647058822,17.5,21.87537623817011,1979Q2,1,,,,
us,RECESS,fixed_weighted_real_gnp,1979,1,2,1979,3,34,40.23529411764706,47.5,26.066417293462752,1979Q3,2,,,,
us,RECESS,fixed_weighted_real_gnp,1979,1,3,1979,4,34,36.1764705882353,40.0,24.956289774062718,1979Q4,3,,,,
us,RECESS,fixed_weighted_real_gnp,1979,1,4,1980,1,34,30.205882352941178,30.0,22.628460775683546,1980Q1,4,,,,
us,RECESS,fixed_weighted_real_gnp,1979,2,0,1979,2,35,18.885714285714286,10.0,20.764465444843122,1979Q2,0,,,,
us,RECESS,fixed_weighted_real_gnp,1979,2,1,1979,3,35,39.57142857142857,30.0,24.318095071348818,1979Q3,1,,,,
us,RECESS,fixed_weighted_real_gnp,1979,2,2,1979,4,35,45.51428571428571,49.0,26.418989859759666,1979Q4,2,,,,
us,RECESS,fixed_weighted_real_gnp,1979,2,3,1980,1,35,36.31428571428572,40.0,23.373906301650123,1980Q1,3,,,,
us,RECESS,fixed_weighted_real_gnp,1979,2,4,1980,2,34,26.676470588235293,25.0,18.76767141112819,1980Q2,4,,,,
us,RECESS,fixed_weighted_real_gnp,1979,3,0,1979,3,34,70.23529411764706,77.5,21.412342551604134,1979Q3,0,,,,
us,RECESS,fixed_weighted_real_gnp,1979,3,1,1979,4,33,67.24242424242425,65.0,20.721411485210023,1979Q4,1,,,,
us,RECESS,fixed_weighted_real_gnp,1979,3,2,1980,1,33,52.57575757575758,50.0,19.24842575223735,1980Q1,2,,,,
us,RECESS,fixed_weighted_real_gnp,1979,3,3,1980,2,33,29.545454545454547,25.0,16.97257145568054,1980Q2,3,,,,
us,RECESS,fixed_weighted_real_gnp,1979,3,4,1980,3,32,16.78125,10.0,14.16204462867266,1980Q3,4,,,,
us,RECESS,fixed_weighted_real_gnp,1979,4,0,1979,4,31,65.41935483870968,70.0,23.89668623268142,1979Q4,0,,,,
us,RECESS,fixed_weighted_real_gnp,1979,4,1,1980,1,32,70.125,72.5,25.489719622852128,1980Q1,1,,,,
us,RECESS,fixed_weighted_real_gnp,1979,4,2,1980,2,30,58.8,60.0,22.36283863296737,1980Q2,2,,,,
us,RECESS,fixed_weighted_real_gnp,1979,4,3,1980,3,30,32.833333333333336,30.0,18.64751686036163,1980Q3,3,,,,
us,RECESS,fixed_weighted_real_gnp,1979,4,4,1980,4,30,17.6,12.5,12.691566572687767,1980Q4,4,,,,
us,RECESS,fixed_weighted_real_gnp,1980,1,0,1980,1,27,35.18518518518518,40.0,25.248057102763124,1980Q1,0,,,,
us,RECESS,fixed_weighted_real_gnp,1980,1,1,1980,2,27,50.55555555555556,60.0,23.912232681095922,1980Q2,1,,,,
us,RECESS,fixed_weighted_real_gnp,1980,1,2,1980,3,27,51.407407407407405,50.0,21.222736826445324,1980Q3,2,,,,
us,RECESS,fixed_weighted_real_gnp,1980,1,3,1980,4,27,36.074074074074076,30.0,21.158606043088227,1980Q4,3,,,,
us,RECESS,fixed_weighted_real_gnp,1980,1,4,1981,1,27,29.037037037037038,20.0,23.047578683906977,1981Q1,4,,,,
us,RECESS,fixed_weighted_real_gnp,1980,2,0,1980,2,28,83.57142857142857,97.0,26.651980082688837,1980Q2,0,,,,
us,RECESS,fixed_weighted_real_gnp,1980,2,1,1980,3,28,69.67857142857143,80.0,26.74163568978306,1980Q3,1,,,,
us,RECESS,fixed_weighted_real_gnp,1980,2,2,1980,4,28,52.964285714285715,60.0,24.489577742162442,1980Q4,2,,,,
us,RECESS,fixed_weighted_real_gnp,1980,2,3,1981,1,28,33.392857142857146,35.0,19.909683640015547,1981Q1,3,,,,
us,RECESS,fixed_weighted_real_gnp,1980,2,4,1981,2,28,22.392857142857142,20.0,19.662597103834603,1981Q2,4,,,,
us,RECESS,fixed_weighted_real_gnp,1980,3,0,1980,3,23,75.0,80.0,20.411672240077824,1980Q3,0,,,,
us,RECESS,fixed_weighted_real_gnp,1980,3,1,1980,4,23,52.17391304347826,50.0,21.62837398568885,1980Q4,1,,,,
us,RECESS,fixed_weighted_real_gnp,1980,3,2,1981,1,23,33.26086956521739,30.0,21.299204832157784,1981Q1,2,,,,
us,RECESS,fixed_weighted_real_gnp,1980,3,3,1981,2,23,18.695652173913043,15.0,14.710647914192494,1981Q2,3,,,,
us,RECESS,fixed_weighted_real_gnp,1980,3,4,1981,3,23,10.0,10.0,9.653072991634229,1981Q3,4,,,,
us,RECESS,fixed_weighted_real_gnp,1980,4,0,1980,4,29,24.862068965517242,20.0,22.180628836137682,1980Q4,0,,,,
us,RECESS,fixed_weighted_real_gnp,1980,4,1,1981,1,29,37.758620689655174,40.0,17.656757452710348,1981Q1,1,,,,
us,RECESS,fixed_weighted_real_gnp,1980,4,2,1981,2,28,25.25,20.0,18.081349097486758,1981Q2,2,,,,
us,RECESS,fixed_weighted_real_gnp,1980,4,3,1981,3,28,15.535714285714286,10.0,12.571225647712886,1981Q3,3,,,,
us,RECESS,fixed_weighted_real_gnp,1980,4,4,1981,4,28,14.0,10.0,13.25253295146364,1981Q4,4,,,,
us,RECESS,fixed_weighted_real_gnp,1981,1,0,1981,1,35,23.885714285714286,20.0,20.224870287625098,1981Q1,0,,,,
us,RECESS,fixed_weighted_real_gnp,1981,1,1,1981,2,35,33.4,30.0,20.240030225506374,1981Q2,1,,,,
us,RECESS,fixed_weighted_real_gnp,1981,1,2,1981,3,35,17.514285714285716,15.0,14.061569296932579,1981Q3,2,,,,
us,RECESS,fixed_weighted_real_gnp,1981,1,3,1981,4,35,10.714285714285714,10.0,11.364473613159637,1981Q4,3,,,,
us,RECESS,fixed_weighted_real_gnp,1981,1,4,1982,1,34,8.647058823529411,5.0,10.368607495241312,1982Q1,4,,,,
us,RECESS,fixed_weighted_real_gnp,1981,2,0,1981,2,39,33.256410256410255,40.0,21.178089408281267,1981Q2,0,,,,
us,RECESS,fixed_weighted_real_gnp,1981,2,1,1981,3,39,20.23076923076923,20.0,15.78717257186242,1981Q3,1,,,,
us,RECESS,fixed_weighted_real_gnp,1981,2,2,1981,4,38,12.578947368421053,10.0,12.434980257208094,1981Q4,2,,,,
us,RECESS,fixed_weighted_real_gnp,1981,2,3,1982,1,38,11.18421052631579,10.0,11.125464492357027,1982Q1,3,,,,
us,RECESS,fixed_weighted_real_gnp,1981,2,4,1982,2,38,12.31578947368421,10.0,13.774448069892182,1982Q2,4,,,,
us,RECESS,fixed_weighted_real_gnp,1981,3,0,1981,3,32,61.84375,57.5,18.84762220820509,1981Q3,0,,,,
us,RECESS,fixed_weighted_real_gnp,1981,3,1,1981,4,28,35.17857142857143,32.5,14.04240554318075,1981Q4,1,,,,
us,RECESS,fixed_weighted_real_gnp,1981,3,2,1982,1,27,25.555555555555557,25.0,14.697810756219479,1982Q1,2,,,,
us,RECESS,fixed_weighted_real_gnp,1981,3,3,1982,2,28,21.964285714285715,17.5,14.990076082274598,1982Q2,3,,,,
us,RECESS,fixed_weighted_real_gnp,1981,3,4,1982,3,27,17.77777777777778,10.0,13.397282541141676,1982Q3,4,,,,
us,RECESS,fixed_weighted_real_gnp,1981,4,0,1981,4,45,85.44444444444444,95.0,19.218309872187884,1981Q4,0,,,,
us,RECESS,fixed_weighted_real_gnp,1981,4,1,1982,1,45,58.111111111111114,50.0,18.747390390788965,1982Q1,1,,,,
us,RECESS,fixed_weighted_real_gnp,1981,4,2,1982,2,42,34.285714285714285,30.0,16.585750149267813,1982Q2,2,,,,
us,RECESS,fixed_weighted_real_gnp,1981,4,3,1982,3,37,19.72972972972973,15.0,13.485895200889313,1982Q3,3,,,,
us,RECESS,fixed_weighted_real_gnp,1981,4,4,1982,4,36,14.86111111111111,10.0,10.92089158520828,1982Q4,4,,,,
us,RECESS,fixed_weighted_real_gnp,1982,1,0,1982,1,35,86.05714285714286,90.0,17.21480699374619,1982Q1,0,,,,
us,RECESS,fixed_weighted_real_gnp,1982,1,1,1982,2,33,44.84848484848485,45.0,14.973145152491368,1982Q2,1,,,,
us,RECESS,fixed_weighted_real_gnp,1982,1,2,1982,3,32,21.875,17.5,15.067054424546892,1982Q3,2,,,,
us,RECESS,fixed_weighted_real_gnp,1982,1,3,1982,4,30,20.166666666666668,12.5,16.94226165200672,1982Q4,3,,,,
us,RECESS,fixed_weighted_real_gnp,1982,1,4,1983,1,29,21.413793103448278,15.0,18.948270259124126,1983Q1,4,,,,
us,RECESS,fixed_weighted_real_gnp,1982,2,0,1982,2,39,57.666666666666664,50.0,25.730724347336132,1982Q2,0,,,,
us,RECESS,fixed_weighted_real_gnp,1982,2,1,1982,3,36,29.75,27.5,20.797492980782906,1982Q3,1,,,,
us,RECESS,fixed_weighted_real_gnp,1982,2,2,1982,4,36,17.305555555555557,10.0,14.316462939955215,1982Q4,2,,,,
us,RECESS,fixed_weighted_real_gnp,1982,2,3,1983,1,37,21.783783783783782,20.0,15.78349196529775,1983Q1,3,,,,
us,RECESS,fixed_weighted_real_gnp,1982,2,4,1983,2,37,24.35135135135135,20.0,15.64398396298827,1983Q2,4,,,,
us,RECESS,fixed_weighted_real_gnp,1982,3,0,1982,3,30,20.7,10.0,31.09956203261856,1982Q3,0,,,,
us,RECESS,fixed_weighted_real_gnp,1982,3,1,1982,4,41,30.146341463414632,30.0,16.594518636600696,1982Q4,1,,,,
us,RECESS,fixed_weighted_real_gnp,1982,3,2,1983,1,38,20.736842105263158,20.0,12.8287772173857,1983Q1,2,,,,
us,RECESS,fixed_weighted_real_gnp,1982,3,3,1983,2,39,20.41025641025641,20.0,14.507199571461332,1983Q2,3,,,,
us,RECESS,fixed_weighted_real_gnp,1982,3,4,1983,3,39,19.82051282051282,20.0,14.592485079064705,1983Q3,4,,,,
us,RECESS,fixed_weighted_real_gnp,1982,4,0,1982,4,37,33.4054054054054,40.0,23.025902635775047,1982Q4,0,,,,
us,RECESS,fixed_weighted_real_gnp,1982,4,1,1983,1,37,38.37837837837838,40.0,18.10670739954818,1983Q1,1,,,,
us,RECESS,fixed_weighted_real_gnp,1982,4,2,1983,2,37,27.43243243243243,30.0,14.654427735406532,1983Q2,2,,,,
us,RECESS,fixed_weighted_real_gnp,1982,4,3,1983,3,37,19.7027027027027,20.0,13.846108287700003,1983Q3,3,,,,
us,RECESS,fixed_weighted_real_gnp,1982,4,4,1983,4,37,17.27027027027027,15.0,14.486868860087379,1983Q4,4,,,,
us,RECESS,fixed_weighted_real_gnp,1983,1,0,1983,1,36,11.305555555555555,7.5,13.950564646932897,1983Q1,0,,,,
us,RECESS,fixed_weighted_real_gnp,1983,1,1,1983,2,36,13.805555555555555,10.0,11.853436980638495,1983Q2,1,,,,
us,RECESS,fixed_weighted_real_gnp,1983,1,2,1983,3,36,14.0,10.0,10.644918304725769,1983Q3,2,,,,
us,RECESS,fixed_weighted_real_gnp,1983,1,3,1983,4,36,14.472222222222221,10.0,12.502539424592591,1983Q4,3,,,,
us,RECESS,fixed_weighted_real_gnp,1983,1,4,1984,1,36,14.5,10.0,12.241615206219434,1984Q1,4,,,,
us,RECESS,fixed_weighted_real_gnp,1983,2,0,1983,2,39,3.3076923076923075,0.0,6.598061302796875,1983Q2,0,,,,
us,RECESS,fixed_weighted_real_gnp,1983,2,1,1983,3,39,6.589743589743589,5.0,6.72277334970256,1983Q3,1,,,,
us,RECESS,fixed_weighted_real_gnp,1983,2,2,1983,4,39,9.179487179487179,10.0,7.563317967496995,1983Q4,2,,,,
us,RECESS,fixed_weighted_real_gnp,1983,2,3,1984,1,39,12.41025641025641,10.0,10.176644956177974,1984Q1,3,,,,
us,RECESS,fixed_weighted_real_gnp,1983,2,4,1984,2,39,12.846153846153847,10.0,9.53259908650991,1984Q2,4,,,,
us,RECESS,fixed_weighted_real_gnp,1983,3,0,1983,3,6,7.666666666666667,3.5,7.865536642001399,1983Q3,0,,,,
us,RECESS,fixed_weighted_real_gnp,1983,3,1,1983,4,20,10.1,5.0,8.309157915406223,1983Q4,1,,,,
us,RECESS,fixed_weighted_real_gnp,1983,3,2,1984,1,27,17.40740740740741,10.0,16.50701309993669,1984Q1,2,,,,
us,RECESS,fixed_weighted_real_gnp,1983,3,3,1984,2,27,19.51851851851852,15.0,14.561198097288903,1984Q2,3,,,,
us,RECESS,fixed_weighted_real_gnp,1983,3,4,1984,3,26,19.615384615384617,20.0,13.83351559966424,1984Q3,4,,,,
us,RECESS,fixed_weighted_real_gnp,1983,4,0,1983,4,8,7.0,3.5,11.451762185046332,1983Q4,0,,,,
us,RECESS,fixed_weighted_real_gnp,1983,4,1,1984,1,28,10.357142857142858,10.0,8.85778287498161,1984Q1,1,,,,
us,RECESS,fixed_weighted_real_gnp,1983,4,2,1984,2,34,12.352941176470589,10.0,10.185796268961921,1984Q2,2,,,,
us,RECESS,fixed_weighted_real_gnp,1983,4,3,1984,3,33,14.818181818181818,15.0,9.488330152925176,1984Q3,3,,,,
us,RECESS,fixed_weighted_real_gnp,1983,4,4,1984,4,34,17.91176470588235,15.0,10.77698908606392,1984Q4,4,,,,
us,RECESS,fixed_weighted_real_gnp,1984,1,0,1984,1,15,5.066666666666666,1.0,6.659758325373449,1984Q1,0,,,,
us,RECESS,fixed_weighted_real_gnp,1984,1,1,1984,2,23,10.043478260869565,10.0,8.087466514583285,1984Q2,1,,,,
us,RECESS,fixed_weighted_real_gnp,1984,1,2,1984,3,24,14.833333333333334,14.0,11.664389011623916,1984Q3,2,,,,
us,RECESS,fixed_weighted_real_gnp,1984,1,3,1984,4,26,19.846153846153847,15.0,13.984826942632669,1984Q4,3,,,,
us,RECESS,fixed_weighted_real_gnp,1984,1,4,1985,1,25,23.56,20.0,15.567273364337122,1985Q1,4,,,,
us,RECESS,fixed_weighted_real_gnp,1984,2,0,1984,2,15,8.266666666666667,5.0,8.53954387094589,1984Q2,0,,,,
us,RECESS,fixed_weighted_real_gnp,1984,2,1,1984,3,24,11.625,10.0,7.767336849855968,1984Q3,1,,,,
us,RECESS,fixed_weighted_real_gnp,1984,2,2,1984,4,27,16.185185185185187,15.0,9.91128741554891,1984Q4,2,,,,
us,RECESS,fixed_weighted_real_gnp,1984,2,3,1985,1,30,22.833333333333332,20.0,15.294992043449888,1985Q1,3,,,,
us,RECESS,fixed_weighted_real_gnp,1984,2,4,1985,2,30,30.833333333333332,25.0,20.930234414446442,1985Q2,4,,,,
us,RECESS,fixed_weighted_real_gnp,1984,3,0,1984,3,9,6.888888888888889,5.0,6.293735862833068,1984Q3,0,,,,
us,RECESS,fixed_weighted_real_gnp,1984,3,1,1984,4,17,13.823529411764707,10.0,11.796372822385102,1984Q4,1,,,,
us,RECESS,fixed_weighted_real_gnp,1984,3,2,1985,1,16,15.625,12.5,10.468205831628136,1985Q1,2,,,,
us,RECESS,fixed_weighted_real_gnp,1984,3,3,1985,2,18,20.555555555555557,20.0,13.707972013832904,1985Q2,3,,,,
us,RECESS,fixed_weighted_real_gnp,1984,3,4,1985,3,19,30.0,30.0,16.158932858054428,1985Q3,4,,,,
us,RECESS,fixed_weighted_real_gnp,1984,4,0,1984,4,24,22.875,25.0,15.97637522147597,1984Q4,0,,,,
us,RECESS,fixed_weighted_real_gnp,1984,4,1,1985,1,27,22.444444444444443,20.0,17.126976771553505,1985Q1,1,,,,
us,RECESS,fixed_weighted_real_gnp,1984,4,2,1985,2,27,19.444444444444443,18.0,12.604435523727147,1985Q2,2,,,,
us,RECESS,fixed_weighted_real_gnp,1984,4,3,1985,3,27,19.703703703703702,20.0,10.939746920201705,1985Q3,3,,,,
us,RECESS,fixed_weighted_real_gnp,1984,4,4,1985,4,27,21.666666666666668,20.0,12.24744871391589,1985Q4,4,,,,
us,RECESS,fixed_weighted_real_gnp,1985,1,0,1985,1,12,5.75,3.5,7.287910287842213,1985Q1,0,,,,
us,RECESS,fixed_weighted_real_gnp,1985,1,1,1985,2,20,9.9,5.0,7.15909432672509,1985Q2,1,,,,
us,RECESS,fixed_weighted_real_gnp,1985,1,2,1985,3,21,13.333333333333334,10.0,9.91631652042901,1985Q3,2,,,,
us,RECESS,fixed_weighted_real_gnp,1985,1,3,1985,4,21,17.952380952380953,15.0,9.952267030562385,1985Q4,3,,,,
us,RECESS,fixed_weighted_real_gnp,1985,1,4,1986,1,21,22.0,20.0,10.677078252031311,1986Q1,4,,,,
us,RECESS,fixed_weighted_real_gnp,1985,2,0,1985,2,29,9.241379310344827,5.0,10.294433906637513,1985Q2,0,,,,
us,RECESS,fixed_weighted_real_gnp,1985,2,1,1985,3,29,12.586206896551724,10.0,11.465841322876368,1985Q3,1,,,,
us,RECESS,fixed_weighted_real_gnp,1985,2,2,1985,4,29,14.862068965517242,10.0,12.517770619434923,1985Q4,2,,,,
us,RECESS,fixed_weighted_real_gnp,1985,2,3,1986,1,29,20.344827586206897,20.0,11.720786974032093,1986Q1,3,,,,
us,RECESS,fixed_weighted_real_gnp,1985,2,4,1986,2,29,25.344827586206897,25.0,14.995894347808683,1986Q2,4,,,,
us,RECESS,fixed_weighted_real_gnp,1985,3,0,1985,3,27,11.703703703703704,10.0,8.939174005960053,1985Q3,0,,,,
us,RECESS,fixed_weighted_real_gnp,1985,3,1,1985,4,27,15.185185185185185,15.0,9.409639235449493,1985Q4,1,,,,
us,RECESS,fixed_weighted_real_gnp,1985,3,2,1986,1,27,19.40740740740741,20.0,9.60071815927273,1986Q1,2,,,,
us,RECESS,fixed_weighted_real_gnp,1985,3,3,1986,2,27,23.22222222222222,20.0,11.17116250865915,1986Q2,3,,,,
us,RECESS,fixed_weighted_real_gnp,1985,3,4,1986,3,27,27.185185185185187,25.0,14.293723843370605,1986Q3,4,,,,
us,RECESS,fixed_weighted_real_gnp,1985,4,0,1985,4,25,6.28,5.0,8.269018482665683,1985Q4,0,,,,
us,RECESS,fixed_weighted_real_gnp,1985,4,1,1986,1,25,13.08,10.0,11.800141242092543,1986Q1,1,,,,
us,RECESS,fixed_weighted_real_gnp,1985,4,2,1986,2,25,16.88,15.0,13.51024302766855,1986Q2,2,,,,
us,RECESS,fixed_weighted_real_gnp,1985,4,3,1986,3,25,18.72,20.0,15.303921066184312,1986Q3,3,,,,
us,RECESS,fixed_weighted_real_gnp,1985,4,4,1986,4,25,21.08,20.0,17.51171036763685,1986Q4,4,,,,
us,RECESS,fixed_weighted_real_gnp,1986,1,0,1986,1,26,5.576923076923077,0.0,12.2610703510683,1986Q1,0,,,,
us,RECESS,fixed_weighted_real_gnp,1986,1,1,1986,2,26,10.461538461538462,4.0,15.221644508346053,1986Q2,1,,,,
us,RECESS,fixed_weighted_real_gnp,1986,1,2,1986,3,26,10.653846153846153,6.5,13.789683992586072,1986Q3,2,,,,
us,RECESS,fixed_weighted_real_gnp,1986,1,3,1986,4,26,15.076923076923077,10.0,16.677944901990955,1986Q4,3,,,,
us,RECESS,fixed_weighted_real_gnp,1986,1,4,1987,1,26,21.153846153846153,15.0,19.517566052543145,1987Q1,4,,,,
us,RECESS,fixed_weighted_real_gnp,1986,2,0,1986,2,27,11.148148148148149,1.0,14.165786800228064,1986Q2,0,,,,
us,RECESS,fixed_weighted_real_gnp,1986,2,1,1986,3,27,9.814814814814815,5.0,11.619072639537503,1986Q3,1,,,,
us,RECESS,fixed_weighted_real_gnp,1986,2,2,1986,4,27,12.37037037037037,10.0,12.181790155638515,1986Q4,2,,,,
us,RECESS,fixed_weighted_real_gnp,1986,2,3,1987,1,27,18.22222222222222,15.0,16.003204807242955,1987Q1,3,,,,
us,RECESS,fixed_weighted_real_gnp,1986,2,4,1987,2,27,23.62962962962963,20.0,17.263006575084074,1987Q2,4,,,,
us,RECESS,fixed_weighted_real_gnp,1986,3,0,1986,3,21,18.19047619047619,20.0,14.647931757142533,1986Q3,0,,,,
us,RECESS,fixed_weighted_real_gnp,1986,3,1,1986,4,21,18.047619047619047,15.0,14.18617704131804,1986Q4,1,,,,
us,RECESS,fixed_weighted_real_gnp,1986,3,2,1987,1,21,22.714285714285715,20.0,16.115653437397,1987Q1,2,,,,
us,RECESS,fixed_weighted_real_gnp,1986,3,3,1987,2,21,22.523809523809526,20.0,16.13263477432948,1987Q2,3,,,,
us,RECESS,fixed_weighted_real_gnp,1986,3,4,1987,3,21,23.857142857142858,20.0,16.25203283988103,1987Q3,4,,,,
us,RECESS,fixed_weighted_real_gnp,1986,4,0,1986,4,23,8.782608695652174,10.0,8.733199568517675,1986Q4,0,,,,
us,RECESS,fixed_weighted_real_gnp,1986,4,1,1987,1,23,21.391304347826086,20.0,19.194552092703955,1987Q1,1,,,,
us,RECESS,fixed_weighted_real_gnp,1986,4,2,1987,2,23,18.26086956521739,20.0,11.92864158731316,1987Q2,2,,,,
us,RECESS,fixed_weighted_real_gnp,1986,4,3,1987,3,23,16.434782608695652,15.0,12.3429261557767,1987Q3,3,,,,
us,RECESS,fixed_weighted_real_gnp,1986,4,4,1987,4,23,16.391304347826086,15.0,13.8292809595332,1987Q4,4,,,,
us,RECESS,fixed_weighted_real_gnp,1987,1,0,1987,1,18,8.38888888888889,3.0,10.387429557424566,1987Q1,0,,,,
us,RECESS,fixed_weighted_real_gnp,1987,1,1,1987,2,18,10.333333333333334,10.0,9.405880513556086,1987Q2,1,,,,
us,RECESS,fixed_weighted_real_gnp,1987,1,2,1987,3,18,13.0,10.0,10.482478377806293,1987Q3,2,,,,
us,RECESS,fixed_weighted_real_gnp,1987,1,3,1987,4,18,15.055555555555555,12.5,13.976754745026271,1987Q4,3,,,,
us,RECESS,fixed_weighted_real_gnp,1987,1,4,1988,1,18,21.055555555555557,12.5,21.942363597877005,1988Q1,4,,,,
us,RECESS,fixed_weighted_real_gnp,1987,2,0,1987,2,28,13.214285714285714,5.0,15.166623059417512,1987Q2,0,,,,
us,RECESS,fixed_weighted_real_gnp,1987,2,1,1987,3,28,12.357142857142858,10.0,12.172264422202682,1987Q3,1,,,,
us,RECESS,fixed_weighted_real_gnp,1987,2,2,1987,4,28,15.607142857142858,10.0,14.667523423749605,1987Q4,2,,,,
us,RECESS,fixed_weighted_real_gnp,1987,2,3,1988,1,28,20.892857142857142,20.0,18.26013525915237,1988Q1,3,,,,
us,RECESS,fixed_weighted_real_gnp,1987,2,4,1988,2,28,26.142857142857142,22.5,22.88249255672261,1988Q2,4,,,,
us,RECESS,fixed_weighted_real_gnp,1987,3,0,1987,3,20,6.9,1.0,11.867248162373976,1987Q3,0,,,,
us,RECESS,fixed_weighted_real_gnp,1987,3,1,1987,4,20,8.4,5.0,10.44484259537238,1987Q4,1,,,,
us,RECESS,fixed_weighted_real_gnp,1987,3,2,1988,1,20,11.65,10.0,11.226261504544647,1988Q1,2,,,,
us,RECESS,fixed_weighted_real_gnp,1987,3,3,1988,2,20,21.0,20.0,18.110770276274835,1988Q2,3,,,,
us,RECESS,fixed_weighted_real_gnp,1987,3,4,1988,3,20,26.1,22.5,22.998626961304954,1988Q3,4,,,,
us,RECESS,fixed_weighted_real_gnp,1987,4,0,1987,4,18,13.722222222222221,1.0,23.748202546361412,1987Q4,0,,,,
us,RECESS,fixed_weighted_real_gnp,1987,4,1,1988,1,18,29.61111111111111,22.5,23.422309347359384,1988Q1,1,,,,
us,RECESS,fixed_weighted_real_gnp,1987,4,2,1988,2,18,29.88888888888889,30.0,20.585228538613027,1988Q2,2,,,,
us,RECESS,fixed_weighted_real_gnp,1987,4,3,1988,3,18,21.61111111111111,20.0,16.510741205754474,1988Q3,3,,,,
us,RECESS,fixed_weighted_real_gnp,1987,4,4,1988,4,18,26.38888888888889,22.5,20.637313119940238,1988Q4,4,,,,
us,RECESS,fixed_weighted_real_gnp,1988,1,0,1988,1,17,35.0,20.0,33.354160160315836,1988Q1,0,,,,
us,RECESS,fixed_weighted_real_gnp,1988,1,1,1988,2,17,32.35294117647059,30.0,27.563429522808363,1988Q2,1,,,,
us,RECESS,fixed_weighted_real_gnp,1988,1,2,1988,3,17,22.941176470588236,10.0,23.322388889850277,1988Q3,2,,,,
us,RECESS,fixed_weighted_real_gnp,1988,1,3,1988,4,17,22.823529411764707,10.0,24.56937955595757,1988Q4,3,,,,
us,RECESS,fixed_weighted_real_gnp,1988,1,4,1989,1,17,26.470588235294116,20.0,25.724787771376324,1989Q1,4,,,,
us,RECESS,fixed_weighted_real_gnp,1988,2,0,1988,2,16,9.125,7.5,10.1447851956888,1988Q2,0,,,,
us,RECESS,fixed_weighted_real_gnp,1988,2,1,1988,3,16,14.5,10.0,14.0,1988Q3,1,,,,
us,RECESS,fixed_weighted_real_gnp,1988,2,2,1988,4,16,18.0,15.0,15.275252316519467,1988Q4,2,,,,
us,RECESS,fixed_weighted_real_gnp,1988,2,3,1989,1,16,25.375,25.0,19.72097022630141,1989Q1,3,,,,
us,RECESS,fixed_weighted_real_gnp,1988,2,4,1989,2,16,28.9375,30.0,20.068113181529217,1989Q2,4,,,,
us,RECESS,fixed_weighted_real_gnp,1988,3,0,1988,3,16,5.8125,0.5,11.148804121220058,1988Q3,0,,,,
us,RECESS,fixed_weighted_real_gnp,1988,3,1,1988,4,16,9.0625,5.0,12.184518866167839,1988Q4,1,,,,
us,RECESS,fixed_weighted_real_gnp,1988,3,2,1989,1,16,14.8125,10.0,15.531553903800697,1989Q1,2,,,,
us,RECESS,fixed_weighted_real_gnp,1988,3,3,1989,2,16,21.8125,17.5,19.284600937881326,1989Q2,3,,,,
us,RECESS,fixed_weighted_real_gnp,1988,3,4,1989,3,16,25.6875,22.5,18.803257696473768,1989Q3,4,,,,
us,RECESS,fixed_weighted_real_gnp,1988,4,0,1988,4,13,6.461538461538462,5.0,7.148605745357909,1988Q4,0,,,,
us,RECESS,fixed_weighted_real_gnp,1988,4,1,1989,1,13,10.076923076923077,5.0,9.455699678514351,1989Q1,1,,,,
us,RECESS,fixed_weighted_real_gnp,1988,4,2,1989,2,13,19.076923076923077,20.0,14.436421177364437,1989Q2,2,,,,
us,RECESS,fixed_weighted_real_gnp,1988,4,3,1989,3,13,21.53846153846154,20.0,15.075451262540394,1989Q3,3,,,,
us,RECESS,fixed_weighted_real_gnp,1988,4,4,1989,4,13,23.846153846153847,20.0,16.989438649967976,1989Q4,4,,,,
us,RECESS,fixed_weighted_real_gnp,1989,1,0,1989,1,16,4.5,0.0,7.8655366420014,1989Q1,0,,,,
us,RECESS,fixed_weighted_real_gnp,1989,1,1,1989,2,16,14.5,10.0,12.220201853215574,1989Q2,1,,,,
us,RECESS,fixed_weighted_real_gnp,1989,1,2,1989,3,16,19.5625,20.0,11.93297252713394,1989Q3,2,,,,
us,RECESS,fixed_weighted_real_gnp,1989,1,3,1989,4,16,29.5625,30.0,16.68120199506019,1989Q4,3,,,,
us,RECESS,fixed_weighted_real_gnp,1989,1,4,1990,1,16,31.5625,32.5,19.036697017427507,1990Q1,4,,,,
us,RECESS,fixed_weighted_real_gnp,1989,2,0,1989,2,17,14.117647058823529,20.0,13.490192515959402,1989Q2,0,,,,
us,RECESS,fixed_weighted_real_gnp,1989,2,1,1989,3,17,17.941176470588236,20.0,12.631659571466125,1989Q3,1,,,,
us,RECESS,fixed_weighted_real_gnp,1989,2,2,1989,4,17,24.352941176470587,25.0,16.07381868315129,1989Q4,2,,,,
us,RECESS,fixed_weighted_real_gnp,1989,2,3,1990,1,17,28.235294117647058,25.0,15.303306063416109,1990Q1,3,,,,
us,RECESS,fixed_weighted_real_gnp,1989,2,4,1990,2,17,28.823529411764707,25.0,18.752450820218296,1990Q2,4,,,,
us,RECESS,fixed_weighted_real_gnp,1989,3,0,1989,3,14,11.857142857142858,7.5,14.826468757737826,1989Q3,0,,,,
us,RECESS,fixed_weighted_real_gnp,1989,3,1,1989,4,14,16.714285714285715,15.0,16.064430710919513,1989Q4,1,,,,
us,RECESS,fixed_weighted_real_gnp,1989,3,2,1990,1,14,22.785714285714285,17.5,18.659617324085687,1990Q1,2,,,,
us,RECESS,fixed_weighted_real_gnp,1989,3,3,1990,2,14,29.428571428571427,27.5,24.80295976666521,1990Q2,3,,,,
us,RECESS,fixed_weighted_real_gnp,1989,3,4,1990,3,14,29.142857142857142,27.5,23.829061580854916,1990Q3,4,,,,
us,RECESS,fixed_weighted_real_gnp,1989,4,0,1989,4,15,25.733333333333334,20.0,23.441314768912562,1989Q4,0,,,,
us,RECESS,fixed_weighted_real_gnp,1989,4,1,1990,1,15,30.533333333333335,20.0,24.56730308667154,1990Q1,1,,,,
us,RECESS,fixed_weighted_real_gnp,1989,4,2,1990,2,15,26.2,20.0,22.46012339363127,1990Q2,2,,,,
us,RECESS,fixed_weighted_real_gnp,1989,4,3,1990,3,15,20.6,20.0,14.941791822172565,1990Q3,3,,,,
us,RECESS,fixed_weighted_real_gnp,1989,4,4,1990,4,15,16.933333333333334,10.0,14.429467204631077,1990Q4,4,,,,
us,RECESS,fixed_weighted_real_gnp,1990,1,0,1990,1,14,20.357142857142858,20.0,17.26092582799545,1990Q1,0,,,,
us,RECESS,fixed_weighted_real_gnp,1990,1,1,1990,2,14,22.5,20.0,18.98886313281875,1990Q2,1,,,,
us,RECESS,fixed_weighted_real_gnp,1990,1,2,1990,3,14,16.928571428571427,10.0,18.94715032648724,1990Q3,2,,,,
us,RECESS,fixed_weighted_real_gnp,1990,1,3,1990,4,14,16.428571428571427,10.0,16.458405781822275,1990Q4,3,,,,
us,RECESS,fixed_weighted_real_gnp,1990,1,4,1991,1,14,17.714285714285715,12.5,15.4940612515226,1991Q1,4,,,,
us,RECESS,fixed_weighted_real_gnp,1990,2,0,1990,2,7,11.428571428571429,10.0,14.638501094227996,1990Q2,0,,,,
us,RECESS,fixed_weighted_real_gnp,1990,2,1,1990,3,7,17.857142857142858,15.0,16.547190813232433,1990Q3,1,,,,
us,RECESS,fixed_weighted_real_gnp,1990,2,2,1990,4,7,30.714285714285715,20.0,26.20886800120833,1990Q4,2,,,,
us,RECESS,fixed_weighted_real_gnp,1990,2,3,1991,1,7,26.428571428571427,20.0,24.446248129703818,1991Q1,3,,,,
us,RECESS,fixed_weighted_real_gnp,1990,2,4,1991,2,7,20.0,15.0,16.583123951777,1991Q2,4,,,,
us,RECESS,fixed_weighted_real_gnp,1990,3,0,1990,3,13,28.46153846153846,25.0,29.253533645856027,1990Q3,0,,,,
us,RECESS,fixed_weighted_real_gnp,1990,3,1,1990,4,13,41.53846153846154,40.0,21.54303980645638,1990Q4,1,,,,
us,RECESS,fixed_weighted_real_gnp,1990,3,2,1991,1,13,36.53846153846154,40.0,20.85511681664472,1991Q1,2,,,,
us,RECESS,fixed_weighted_real_gnp,1990,3,3,1991,2,13,30.0,25.0,22.453655975512465,1991Q2,3,,,,
us,RECESS,fixed_weighted_real_gnp,1990,3,4,1991,3,13,22.307692307692307,25.0,16.660255177040433,1991Q3,4,,,,
us,RECESS,fixed_weighted_real_gnp,1990,4,0,1990,4,30,71.13333333333334,80.0,26.20309712325195,1990Q4,0,,,,
us,RECESS,fixed_weighted_real_gnp,1990,4,1,1991,1,30,70.0,75.0,22.705004765014042,1991Q1,1,,,,
us,RECESS,fixed_weighted_real_gnp,1990,4,2,1991,2,30,54.5,60.0,21.429515578543405,1991Q2,2,,,,
us,RECESS,fixed_weighted_real_gnp,1990,4,3,1991,3,30,34.166666666666664,40.0,17.911821050170566,1991Q3,3,,,,
us,RECESS,fixed_weighted_real_gnp,1990,4,4,1991,4,30,21.333333333333332,20.0,15.753124120003305,1991Q4,4,,,,
us,RECESS,fixed_weighted_real_gnp,1991,1,0,1991,1,34,86.38235294117646,90.0,11.931660723857075,1991Q1,0,,,,
us,RECESS,fixed_weighted_real_gnp,1991,1,1,1991,2,34,60.588235294117645,60.0,19.41433030093668,1991Q2,1,,,,
us,RECESS,fixed_weighted_real_gnp,1991,1,2,1991,3,34,33.970588235294116,32.5,13.639259941972874,1991Q3,2,,,,
us,RECESS,fixed_weighted_real_gnp,1991,1,3,1991,4,34,19.11764705882353,20.0,10.259554913502482,1991Q4,3,,,,
us,RECESS,fixed_weighted_real_gnp,1991,1,4,1992,1,34,12.941176470588236,10.0,9.623019045168311,1992Q1,4,,,,
us,RECESS,fixed_weighted_real_gnp,1991,2,0,1991,2,40,60.175,60.0,22.1578110323107,1991Q2,0,,,,
us,RECESS,fixed_weighted_real_gnp,1991,2,1,1991,3,40,31.25,30.0,14.400409538335875,1991Q3,1,,,,
us,RECESS,fixed_weighted_real_gnp,1991,2,2,1991,4,40,17.125,15.0,11.59616979205435,1991Q4,2,,,,
us,RECESS,fixed_weighted_real_gnp,1991,2,3,1992,1,40,11.65,10.0,12.757200078628298,1992Q1,3,,,,
us,RECESS,fixed_weighted_real_gnp,1991,2,4,1992,2,40,10.775,5.0,11.443254647305414,1992Q2,4,,,,
us,RECESS,fixed_weighted_real_gnp,1991,3,0,1991,3,28,19.178571428571427,20.0,14.440307710450176,1991Q3,0,,,,
us,RECESS,fixed_weighted_real_gnp,1991,3,1,1991,4,28,20.357142857142858,20.0,15.518720560364756,1991Q4,1,,,,
us,RECESS,fixed_weighted_real_gnp,1991,3,2,1992,1,28,17.321428571428573,15.0,13.641042567488833,1992Q1,2,,,,
us,RECESS,fixed_weighted_real_gnp,1991,3,3,1992,2,28,15.285714285714286,11.5,11.22450079020969,1992Q2,3,,,,
us,RECESS,fixed_weighted_real_gnp,1991,3,4,1992,3,28,15.785714285714286,12.5,11.265671037064058,1992Q3,4,,,,
us,RECESS,fixed_weighted_real_gnp,1991,4,0,1991,4,36,32.94444444444444,30.0,15.16941367064367,1991Q4,0,,,,
us,RECESS,fixed_weighted_real_gnp,1991,4,1,1992,1,36,26.86111111111111,25.0,13.086858791011423,1992Q1,1,,,,
us,RECESS,fixed_weighted_real_gnp,1991,4,2,1992,2,36,15.416666666666666,15.0,10.71547612434597,1992Q2,2,,,,
us,RECESS,fixed_weighted_real_gnp,1991,4,3,1992,3,36,13.0,10.0,10.253919111386491,1992Q3,3,,,,
us,RECESS,fixed_weighted_real_gnp,1991,4,4,1992,4,36,11.722222222222221,10.0,10.038813564250397,1992Q4,4,,,,
us,RECESS,fixed_weighted_real_gdp,1992,1,0,1992,1,38,43.026315789473685,40.0,22.25586693631077,1992Q1,0,,,,
us,RECESS,fixed_weighted_real_gdp,1992,1,1,1992,2,38,25.13157894736842,25.0,13.827452233776931,1992Q2,1,,,,
us,RECESS,fixed_weighted_real_gdp,1992,1,2,1992,3,38,13.289473684210526,10.0,8.592604912072034,1992Q3,2,,,,
us,RECESS,fixed_weighted_real_gdp,1992,1,3,1992,4,38,10.552631578947368,10.0,7.934520433475869,1992Q4,3,,,,
us,RECESS,fixed_weighted_real_gdp,1992,1,4,1993,1,38,9.973684210526315,7.5,8.94574288639427,1993Q1,4,,,,
us,RECESS,fixed_weighted_real_gdp,1992,2,0,1992,2,36,9.083333333333334,5.0,9.323932340258283,1992Q2,0,,,,
us,RECESS,fixed_weighted_real_gdp,1992,2,1,1992,3,36,11.555555555555555,10.0,11.59666071257324,1992Q3,1,,,,
us,RECESS,fixed_weighted_real_gdp,1992,2,2,1992,4,36,11.555555555555555,10.0,9.613812814143866,1992Q4,2,,,,
us,RECESS,fixed_weighted_real_gdp,1992,2,3,1993,1,36,11.11111111111111,10.0,8.013480705403426,1993Q1,3,,,,
us,RECESS,fixed_weighted_real_gdp,1992,2,4,1993,2,36,12.61111111111111,10.0,9.696178268569168,1993Q2,4,,,,
us,RECESS,fixed_weighted_real_gdp,1992,3,0,1992,3,32,13.53125,10.0,8.613509175857459,1992Q3,0,,,,
us,RECESS,fixed_weighted_real_gdp,1992,3,1,1992,4,32,16.875,15.0,9.033093279356102,1992Q4,1,,,,
us,RECESS,fixed_weighted_real_gdp,1992,3,2,1993,1,32,13.71875,12.5,8.19612172251746,1993Q1,2,,,,
us,RECESS,fixed_weighted_real_gdp,1992,3,3,1993,2,32,12.375,10.0,7.966664417149995,1993Q2,3,,,,
us,RECESS,fixed_weighted_real_gdp,1992,3,4,1993,3,32,11.0625,10.0,7.210822958715287,1993Q3,4,,,,
us,RECESS,fixed_weighted_real_gdp,1992,4,0,1992,4,37,12.162162162162161,10.0,9.965254954405648,1992Q4,0,,,,
us,RECESS,fixed_weighted_real_gdp,1992,4,1,1993,1,37,11.72972972972973,10.0,7.41862763831937,1993Q1,1,,,,
us,RECESS,fixed_weighted_real_gdp,1992,4,2,1993,2,37,11.816216216216215,10.0,7.545031975247521,1993Q2,2,,,,
us,RECESS,fixed_weighted_real_gdp,1992,4,3,1993,3,37,10.432432432432432,10.0,8.177002101220433,1993Q3,3,,,,
us,RECESS,fixed_weighted_real_gdp,1992,4,4,1993,4,37,10.837837837837839,10.0,9.010837652249384,1993Q4,4,,,,
us,RECESS,fixed_weighted_real_gdp,1993,1,0,1993,1,31,3.616129032258064,0.0,5.763800642758419,1993Q1,0,,,,
us,RECESS,fixed_weighted_real_gdp,1993,1,1,1993,2,31,6.145161290322581,5.0,6.741900756200111,1993Q2,1,,,,
us,RECESS,fixed_weighted_real_gdp,1993,1,2,1993,3,31,7.548387096774194,5.0,6.355253520657375,1993Q3,2,,,,
us,RECESS,fixed_weighted_real_gdp,1993,1,3,1993,4,31,9.419354838709678,5.0,7.762191243664756,1993Q4,3,,,,
us,RECESS,fixed_weighted_real_gdp,1993,1,4,1994,1,31,11.064516129032258,10.0,8.274198788486885,1994Q1,4,,,,
us,RECESS,fixed_weighted_real_gdp,1993,2,0,1993,2,33,7.863636363636363,5.0,7.050346542095386,1993Q2,0,,,,
us,RECESS,fixed_weighted_real_gdp,1993,2,1,1993,3,33,7.818181818181818,8.0,6.839474328551069,1993Q3,1,,,,
us,RECESS,fixed_weighted_real_gdp,1993,2,2,1993,4,33,9.666666666666666,10.0,7.96738141842517,1993Q4,2,,,,
us,RECESS,fixed_weighted_real_gdp,1993,2,3,1994,1,33,12.818181818181818,15.0,8.647451016970786,1994Q1,3,,,,
us,RECESS,fixed_weighted_real_gdp,1993,2,4,1994,2,33,14.575757575757576,15.0,10.068609334927736,1994Q2,4,,,,
us,RECESS,fixed_weighted_real_gdp,1993,3,0,1993,3,34,7.014705882352941,5.0,6.829620529541894,1993Q3,0,,,,
us,RECESS,fixed_weighted_real_gdp,1993,3,1,1993,4,34,9.817555882352941,10.0,6.470513375969539,1993Q4,1,,,,
us,RECESS,fixed_weighted_real_gdp,1993,3,2,1994,1,34,14.029411764705882,10.0,11.50621780292474,1994Q1,2,,,,
us,RECESS,fixed_weighted_real_gdp,1993,3,3,1994,2,34,16.473458823529413,12.5,13.629953258598741,1994Q2,3,,,,
us,RECESS,fixed_weighted_real_gdp,1993,3,4,1994,3,34,14.741152941176471,13.5,9.2206093590863,1994Q3,4,,,,
us,RECESS,fixed_weighted_real_gdp,1993,4,0,1993,4,32,3.34375,0.0,9.01471691001675,1993Q4,0,,,,
us,RECESS,fixed_weighted_real_gdp,1993,4,1,1994,1,32,7.609375,5.0,6.9615700571990455,1994Q1,1,,,,
us,RECESS,fixed_weighted_real_gdp,1993,4,2,1994,2,32,12.962403125,10.0,11.811049797390641,1994Q2,2,,,,
us,RECESS,fixed_weighted_real_gdp,1993,4,3,1994,3,32,12.75,10.0,9.876658701037218,1994Q3,3,,,,
us,RECESS,fixed_weighted_real_gdp,1993,4,4,1994,4,32,12.737428125000001,10.0,9.573286147677427,1994Q4,4,,,,
us,RECESS,fixed_weighted_real_gdp,1994,1,0,1994,1,27,4.296296296296297,5.0,5.290156423562065,1994Q1,0,,,,
us,RECESS,fixed_weighted_real_gdp,1994,1,1,1994,2,27,4.037037037037037,1.0,5.229218808266618,1994Q2,1,,,,
us,RECESS,fixed_weighted_real_gdp,1994,1,2,1994,3,27,6.814814814814815,5.0,5.37828280456931,1994Q3,2,,,,
us,RECESS,fixed_weighted_real_gdp,1994,1,3,1994,4,27,7.37037037037037,5.0,6.190241378095714,1994Q4,3,,,,
us,RECESS,fixed_weighted_real_gdp,1994,1,4,1995,1,27,10.0,5.0,8.713384929123523,1995Q1,4,,,,
us,RECESS,fixed_weighted_real_gdp,1994,2,0,1994,2,33,2.878787878787879,0.0,7.056723636706238,1994Q2,0,,,,
us,RECESS,fixed_weighted_real_gdp,1994,2,1,1994,3,33,6.484848484848484,5.0,7.479644092974996,1994Q3,1,,,,
us,RECESS,fixed_weighted_real_gdp,1994,2,2,1994,4,33,9.242424242424242,10.0,8.415128872417458,1994Q4,2,,,,
us,RECESS,fixed_weighted_real_gdp,1994,2,3,1995,1,33,12.818181818181818,10.0,9.767466871758977,1995Q1,3,,,,
us,RECESS,fixed_weighted_real_gdp,1994,2,4,1995,2,33,14.424242424242424,15.0,10.750088089843448,1995Q2,4,,,,
us,RECESS,fixed_weighted_real_gdp,1994,3,0,1994,3,28,6.364285714285714,5.0,7.323033892917976,1994Q3,0,,,,
us,RECESS,fixed_weighted_real_gdp,1994,3,1,1994,4,28,8.253567857142857,5.0,8.078340665657153,1994Q4,1,,,,
us,RECESS,fixed_weighted_real_gdp,1994,3,2,1995,1,28,13.421317857142856,10.0,10.374151290553794,1995Q1,2,,,,
us,RECESS,fixed_weighted_real_gdp,1994,3,3,1995,2,28,15.77134642857143,15.0,10.894570405294221,1995Q2,3,,,,
us,RECESS,fixed_weighted_real_gdp,1994,3,4,1995,3,28,16.789282142857143,15.0,11.538612670284694,1995Q3,4,,,,
us,RECESS,fixed_weighted_real_gdp,1994,4,0,1994,4,27,2.2777703703703702,0.0,4.048002631005418,1994Q4,0,,,,
us,RECESS,fixed_weighted_real_gdp,1994,4,1,1995,1,27,8.481474074074073,10.0,7.37282018208629,1995Q1,1,,,,
us,RECESS,fixed_weighted_real_gdp,1994,4,2,1995,2,27,12.914785185185186,10.0,9.960852640354087,1995Q2,2,,,,
us,RECESS,fixed_weighted_real_gdp,1994,4,3,1995,3,27,16.314814814814813,15.0,10.324679309741434,1995Q3,3,,,,
us,RECESS,fixed_weighted_real_gdp,1994,4,4,1995,4,27,19.74074074074074,20.0,12.885867609345674,1995Q4,4,,,,
us,RECESS,fixed_weighted_real_gdp,1995,1,0,1995,1,27,1.9370296296296299,0.0,4.605110947533003,1995Q1,0,,,,
us,RECESS,fixed_weighted_real_gdp,1995,1,1,1995,2,27,7.055555555555555,5.0,7.343669871357725,1995Q2,1,,,,
us,RECESS,fixed_weighted_real_gdp,1995,1,2,1995,3,27,10.940737037037037,10.0,10.313668476166365,1995Q3,2,,,,
us,RECESS,fixed_weighted_real_gdp,1995,1,3,1995,4,27,14.622214814814814,11.7998,12.11386331629699,1995Q4,3,,,,
us,RECESS,fixed_weighted_real_gdp,1995,1,4,1996,1,27,16.770362962962963,15.0,13.361565840532432,1996Q1,4,,,,
us,RECESS,fixed_weighted_real_gdp,1995,2,0,1995,2,44,12.409090909090908,7.5,11.91114034299878,1995Q2,0,,,,
us,RECESS,fixed_weighted_real_gdp,1995,2,1,1995,3,44,12.818181818181818,10.0,9.148065565685476,1995Q3,1,,,,
us,RECESS,fixed_weighted_real_gdp,1995,2,2,1995,4,44,13.477272727272727,10.0,9.844107283190276,1995Q4,2,,,,
us,RECESS,fixed_weighted_real_gdp,1995,2,3,1996,1,44,17.318181818181817,15.0,11.286486522061905,1996Q1,3,,,,
us,RECESS,fixed_weighted_real_gdp,1995,2,4,1996,2,44,20.15909090909091,17.5,15.030114239022103,1996Q2,4,,,,
us,RECESS,fixed_weighted_real_gdp,1995,3,0,1995,3,46,10.380434782608695,10.0,11.324106431565802,1995Q3,0,,,,
us,RECESS,fixed_weighted_real_gdp,1995,3,1,1995,4,46,12.169497826086957,10.0,12.600225211399803,1995Q4,1,,,,
us,RECESS,fixed_weighted_real_gdp,1995,3,2,1996,1,46,15.70210652173913,11.0,12.544135934538447,1996Q1,2,,,,
us,RECESS,fixed_weighted_real_gdp,1995,3,3,1996,2,46,16.82821086956522,15.0,11.34105797146375,1996Q2,3,,,,
us,RECESS,fixed_weighted_real_gdp,1995,3,4,1996,3,46,18.921704347826086,20.0,12.429599736953302,1996Q3,4,,,,
us,RECESS,fixed_weighted_real_gdp,1995,4,0,1995,4,42,8.935714285714287,7.5,10.936085299250088,1995Q4,0,,,,
us,RECESS,fixed_weighted_real_gdp,1995,4,1,1996,1,42,12.68095,10.0,11.205166358627267,1996Q1,1,,,,
us,RECESS,fixed_weighted_real_gdp,1995,4,2,1996,2,42,17.76666666666667,15.0,15.461165618297436,1996Q2,2,,,,
us,RECESS,fixed_weighted_real_gdp,1995,4,3,1996,3,42,20.27857142857143,17.5,13.116579263205185,1996Q3,3,,,,
us,RECESS,fixed_weighted_real_gdp,1995,4,4,1996,4,42,22.48567619047619,20.0,14.623294901942426,1996Q4,4,,,,
us,RECESS,chain_weighted_real_gdp,1996,1,0,1996,1,36,28.19997777777778,22.599600000000002,19.60642227188561,1996Q1,0,0.0,BEA NIPA-T10101/A191RL-Q (latest vintage),-28.19997777777778,0.07952387466671605
us,RECESS,chain_weighted_real_gdp,1996,1,1,1996,2,36,19.033333333333335,17.5,14.20442586962649,1996Q2,1,0.0,BEA NIPA-T10101/A191RL-Q (latest vintage),-19.033333333333335,0.03622677777777779
us,RECESS,chain_weighted_real_gdp,1996,1,2,1996,3,36,16.880555555555556,15.0,12.126448530722172,1996Q3,2,0.0,BEA NIPA-T10101/A191RL-Q (latest vintage),-16.880555555555556,0.028495315586419757
us,RECESS,chain_weighted_real_gdp,1996,1,3,1996,4,36,17.761066666666668,15.0,13.203365278378302,1996Q4,3,0.0,BEA NIPA-T10101/A191RL-Q (latest vintage),-17.761066666666668,0.03154554891377779
us,RECESS,chain_weighted_real_gdp,1996,1,4,1997,1,36,20.591580555555556,20.0,14.696259696823144,1997Q1,4,0.0,BEA NIPA-T10101/A191RL-Q (latest vintage),-20.591580555555556,0.04240131897759336
us,RECESS,chain_weighted_real_gdp,1996,2,0,1996,2,38,4.978884210526315,0.5,12.237722122866687,1996Q2,0,0.0,BEA NIPA-T10101/A191RL-Q (latest vintage),-4.978884210526315,0.002478928798182825
us,RECESS,chain_weighted_real_gdp,1996,2,1,1996,3,38,9.873623684210527,7.5,11.522226052179848,1996Q3,1,0.0,BEA NIPA-T10101/A191RL-Q (latest vintage),-9.873623684210527,0.009748844465740305
us,RECESS,chain_weighted_real_gdp,1996,2,2,1996,4,38,14.857834210526317,15.0,10.971994845656933,1996Q4,2,0.0,BEA NIPA-T10101/A191RL-Q (latest vintage),-14.857834210526317,0.022075523742748616
us,RECESS,chain_weighted_real_gdp,1996,2,3,1997,1,38,18.813115789473684,17.5,12.843352203704164,1997Q1,3,0.0,BEA NIPA-T10101/A191RL-Q (latest vintage),-18.813115789473684,0.0353933325708144
us,RECESS,chain_weighted_real_gdp,1996,2,4,1997,2,38,23.05263157894737,20.0,17.2829354495262,1997Q2,4,0.0,BEA NIPA-T10101/A191RL-Q (latest vintage),-23.05263157894737,0.05314238227146815
us,RECESS,chain_weighted_real_gdp,1996,3,0,1996,3,38,6.815789473684211,0.5,16.737811641581928,1996Q3,0,0.0,BEA NIPA-T10101/A191RL-Q (latest vintage),-6.815789473684211,0.004645498614958449
us,RECESS,chain_weighted_real_gdp,1996,3,1,1996,4,38,10.463097368421053,10.0,10.878970287035862,1996Q4,1,0.0,BEA NIPA-T10101/A191RL-Q (latest vintage),-10.463097368421053,0.010947640654105958
us,RECESS,chain_weighted_real_gdp,1996,3,2,1997,1,38,15.810444736842106,15.0,10.537844879539735,1997Q1,2,0.0,BEA NIPA-T10101/A191RL-Q (latest vintage),-15.810444736842106,0.024997016277673822
us,RECESS,chain_weighted_real_gdp,1996,3,3,1997,2,38,20.284128947368423,20.0,13.398760166299128,1997Q2,3,0.0,BEA NIPA-T10101/A191RL-Q (latest vintage),-20.284128947368423,0.041144588715346965
us,RECESS,chain_weighted_real_gdp,1996,3,4,1997,3,38,23.45518157894737,20.0,15.155288987906129,1997Q3,4,0.0,BEA NIPA-T10101/A191RL-Q (latest vintage),-23.45518157894737,0.055014554290139205
us,RECESS,chain_weighted_real_gdp,1996,4,0,1996,4,32,7.8125,5.0,9.72339214671041,1996Q4,0,0.0,BEA NIPA-T10101/A191RL-Q (latest vintage),-7.8125,0.006103515625
us,RECESS,chain_weighted_real_gdp,1996,4,1,1997,1,32,11.1875,10.0,8.916955577672995,1997Q1,1,0.0,BEA NIPA-T10101/A191RL-Q (latest vintage),-11.1875,0.012516015625
us,RECESS,chain_weighted_real_gdp,1996,4,2,1997,2,32,15.5625,15.0,9.38663256805879,1997Q2,2,0.0,BEA NIPA-T10101/A191RL-Q (latest vintage),-15.5625,0.024219140625000003
us,RECESS,chain_weighted_real_gdp,1996,4,3,1997,3,32,21.328125,15.0,13.729888150638091,1997Q3,3,0.0,BEA NIPA-T10101/A191RL-Q (latest vintage),-21.328125,0.045488891601562505
us,RECESS,chain_weighted_real_gdp,1996,4,4,1997,4,32,22.875,20.0,13.73422849154857,1997Q4,4,0.0,BEA NIPA-T10101/A191RL-Q (latest vintage),-22.875,0.05232656250000001
us,RECESS,chain_weighted_real_gdp,1997,1,0,1997,1,34,7.088235294117647,5.0,11.038136774751006,1997Q1,0,0.0,BEA NIPA-T10101/A191RL-Q (latest vintage),-7.088235294117647,0.005024307958477508
us,RECESS,chain_weighted_real_gdp,1997,1,1,1997,2,34,11.352941176470589,10.0,8.724338484746848,1997Q2,1,0.0,BEA NIPA-T10101/A191RL-Q (latest vintage),-11.352941176470589,0.01288892733564014
us,RECESS,chain_weighted_real_gdp,1997,1,2,1997,3,34,15.323529411764707,15.0,10.90932486380148,1997Q3,2,0.0,BEA NIPA-T10101/A191RL-Q (latest vintage),-15.323529411764707,0.023481055363321797
us,RECESS,chain_weighted_real_gdp,1997,1,3,1997,4,34,18.544117647058822,20.0,9.804426680392602,1997Q4,3,0.0,BEA NIPA-T10101/A191RL-Q (latest vintage),-18.544117647058822,0.03438842993079584
us,RECESS,chain_weighted_real_gdp,1997,1,4,1998,1,34,21.558823529411764,20.0,8.399823867094922,1998Q1,4,0.0,BEA NIPA-T10101/A191RL-Q (latest vintage),-21.558823529411764,0.04647828719723183
us,RECESS,chain_weighted_real_gdp,1997,2,0,1997,2,37,9.202702702702704,5.0,13.539786771800573,1997Q2,0,0.0,BEA NIPA-T10101/A191RL-Q (latest vintage),-9.202702702702704,0.008468973703433164
us,RECESS,chain_weighted_real_gdp,1997,2,1,1997,3,37,10.532432432432433,5.0,13.066285157144238,1997Q3,1,0.0,BEA NIPA-T10101/A191RL-Q (latest vintage),-10.532432432432433,0.011093213294375457
us,RECESS,chain_weighted_real_gdp,1997,2,2,1997,4,37,13.389186486486487,10.0,10.873202627360794,1997Q4,2,0.0,BEA NIPA-T10101/A191RL-Q (latest vintage),-13.389186486486487,0.017927031476991238
us,RECESS,chain_weighted_real_gdp,1997,2,3,1998,1,37,19.516154054054056,15.0,14.818670271365155,1998Q1,3,0.0,BEA NIPA-T10101/A191RL-Q (latest vintage),-19.516154054054056,0.038088026906157056
us,RECESS,chain_weighted_real_gdp,1997,2,4,1998,2,37,22.63238918918919,20.0,14.824115700959549,1998Q2,4,0.0,BEA NIPA-T10101/A191RL-Q (latest vintage),-22.63238918918919,0.05122250404109277
us,RECESS,chain_weighted_real_gdp,1997,3,0,1997,3,35,3.5285714285714285,1.0,5.722688150149852,1997Q3,0,0.0,BEA NIPA-T10101/A191RL-Q (latest vintage),-3.5285714285714285,0.001245081632653061
us,RECESS,chain_weighted_real_gdp,1997,3,1,1997,4,35,7.557142857142857,6.0,6.828542421090949,1997Q4,1,0.0,BEA NIPA-T10101/A191RL-Q (latest vintage),-7.557142857142857,0.00571104081632653
us,RECESS,chain_weighted_real_gdp,1997,3,2,1998,1,35,12.885714285714286,10.0,7.843211484242576,1998Q1,2,0.0,BEA NIPA-T10101/A191RL-Q (latest vintage),-12.885714285714286,0.016604163265306126
us,RECESS,chain_weighted_real_gdp,1997,3,3,1998,2,35,16.542857142857144,15.0,8.789508642971684,1998Q2,3,0.0,BEA NIPA-T10101/A191RL-Q (latest vintage),-16.542857142857144,0.02736661224489797
us,RECESS,chain_weighted_real_gdp,1997,3,4,1998,3,35,19.942857142857143,20.0,10.970395609636544,1998Q3,4,0.0,BEA NIPA-T10101/A191RL-Q (latest vintage),-19.942857142857143,0.03977175510204082
us,RECESS,chain_weighted_real_gdp,1997,4,0,1997,4,35,3.657142857142857,1.0,5.274482729825446,1997Q4,0,0.0,BEA NIPA-T10101/A191RL-Q (latest vintage),-3.657142857142857,0.0013374693877551017
us,RECESS,chain_weighted_real_gdp,1997,4,1,1998,1,35,9.942857142857143,10.0,8.06204928386463,1998Q1,1,0.0,BEA NIPA-T10101/A191RL-Q (latest vintage),-9.942857142857143,0.009886040816326533
us,RECESS,chain_weighted_real_gdp,1997,4,2,1998,2,35,13.2,15.0,8.195407609286613,1998Q2,2,0.0,BEA NIPA-T10101/A191RL-Q (latest vintage),-13.2,0.017424000000000002
us,RECESS,chain_weighted_real_gdp,1997,4,3,1998,3,35,16.542857142857144,15.0,9.0434989882003,1998Q3,3,0.0,BEA NIPA-T10101/A191RL-Q (latest vintage),-16.542857142857144,0.02736661224489797
us,RECESS,chain_weighted_real_gdp,1997,4,4,1998,4,35,19.2,15.0,11.103258663166256,1998Q4,4,0.0,BEA NIPA-T10101/A191RL-Q (latest vintage),-19.2,0.036864
us,RECESS,chain_weighted_real_gdp,1998,1,0,1998,1,30,4.366666666666666,1.0,7.222967836548636,1998Q1,0,0.0,BEA NIPA-T10101/A191RL-Q (latest vintage),-4.366666666666666,0.0019067777777777772
us,RECESS,chain_weighted_real_gdp,1998,1,1,1998,2,30,8.333333333333334,7.5,7.553639603818005,1998Q2,1,0.0,BEA NIPA-T10101/A191RL-Q (latest vintage),-8.333333333333334,0.006944444444444446
us,RECESS,chain_weighted_real_gdp,1998,1,2,1998,3,30,11.6,10.0,8.369072786775416,1998Q3,2,0.0,BEA NIPA-T10101/A191RL-Q (latest vintage),-11.6,0.013455999999999997
us,RECESS,chain_weighted_real_gdp,1998,1,3,1998,4,30,14.1,12.5,7.932256277703867,1998Q4,3,0.0,BEA NIPA-T10101/A191RL-Q (latest vintage),-14.1,0.019880999999999996
us,RECESS,chain_weighted_real_gdp,1998,1,4,1999,1,30,15.433333333333334,15.0,7.677478633048714,1999Q1,4,0.0,BEA NIPA-T10101/A191RL-Q (latest vintage),-15.433333333333334,0.023818777777777776
us,RECESS,chain_weighted_real_gdp,1998,2,0,1998,2,27,5.407407407407407,2.0,8.486456446594362,1998Q2,0,0.0,BEA NIPA-T10101/A191RL-Q (latest vintage),-5.407407407407407,0.00292400548696845
us,RECESS,chain_weighted_real_gdp,1998,2,1,1998,3,27,7.555555555555555,5.0,7.510676161988107,1998Q3,1,0.0,BEA NIPA-T10101/A191RL-Q (latest vintage),-7.555555555555555,0.005708641975308642
us,RECESS,chain_weighted_real_gdp,1998,2,2,1998,4,27,12.25925925925926,10.0,8.069851741048724,1998Q4,2,0.0,BEA NIPA-T10101/A191RL-Q (latest vintage),-12.25925925925926,0.01502894375857339
us,RECESS,chain_weighted_real_gdp,1998,2,3,1999,1,27,15.851851851851851,15.0,8.433922819842149,1999Q1,3,0.0,BEA NIPA-T10101/A191RL-Q (latest vintage),-15.851851851851851,0.025128120713305894
us,RECESS,chain_weighted_real_gdp,1998,2,4,1999,2,27,17.925925925925927,20.0,9.215062610605472,1999Q2,4,0.0,BEA NIPA-T10101/A191RL-Q (latest vintage),-17.925925925925927,0.032133882030178335
us,RECESS,chain_weighted_real_gdp,1998,3,0,1998,3,30,12.733333333333333,10.0,13.075202466510028,1998Q3,0,0.0,BEA NIPA-T10101/A191RL-Q (latest vintage),-12.733333333333333,0.016213777777777775
us,RECESS,chain_weighted_real_gdp,1998,3,1,1998,4,30,13.266666666666667,10.0,13.416236517699387,1998Q4,1,0.0,BEA NIPA-T10101/A191RL-Q (latest vintage),-13.266666666666667,0.01760044444444445
us,RECESS,chain_weighted_real_gdp,1998,3,2,1999,1,30,17.553333333333335,15.0,12.926282590489636,1999Q1,2,0.0,BEA NIPA-T10101/A191RL-Q (latest vintage),-17.553333333333335,0.030811951111111117
us,RECESS,chain_weighted_real_gdp,1998,3,3,1999,2,30,18.52,17.5,12.254271598662775,1999Q2,3,0.0,BEA NIPA-T10101/A191RL-Q (latest vintage),-18.52,0.03429904
us,RECESS,chain_weighted_real_gdp,1998,3,4,1999,3,30,18.67,17.5,11.9610618257745,1999Q3,4,0.0,BEA NIPA-T10101/A191RL-Q (latest vintage),-18.67,0.03485689
us,RECESS,chain_weighted_real_gdp,1998,4,0,1998,4,29,5.793103448275862,5.0,7.451650394111302,1998Q4,0,0.0,BEA NIPA-T10101/A191RL-Q (latest vintage),-5.793103448275862,0.0033560047562425687
us,RECESS,chain_weighted_real_gdp,1998,4,1,1999,1,29,15.610344827586207,10.0,13.334283012156142,1999Q1,1,0.0,BEA NIPA-T10101/A191RL-Q (latest vintage),-15.610344827586207,0.02436828656361474
us,RECESS,chain_weighted_real_gdp,1998,4,2,1999,2,29,19.50689655172414,20.0,14.282905142524221,1999Q2,2,0.0,BEA NIPA-T10101/A191RL-Q (latest vintage),-19.50689655172414,0.038051901307966714
us,RECESS,chain_weighted_real_gdp,1998,4,3,1999,3,29,21.089655172413792,20.0,13.954168471606977,1999Q3,3,0.0,BEA NIPA-T10101/A191RL-Q (latest vintage),-21.089655172413792,0.044477355529131984
us,RECESS,chain_weighted_real_gdp,1998,4,4,1999,4,29,19.948275862068964,20.0,13.207374041195298,1999Q4,4,0.0,BEA NIPA-T10101/A191RL-Q (latest vintage),-19.948275862068964,0.03979337098692033
us,RECESS,chain_weighted_real_gdp,1999,1,0,1999,1,30,3.4,0.0,5.347251952945164,1999Q1,0,0.0,BEA NIPA-T10101/A191RL-Q (latest vintage),-3.4,0.0011560000000000001
us,RECESS,chain_weighted_real_gdp,1999,1,1,1999,2,30,8.166666666666666,5.0,6.449182430586726,1999Q2,1,0.0,BEA NIPA-T10101/A191RL-Q (latest vintage),-8.166666666666666,0.006669444444444444
us,RECESS,chain_weighted_real_gdp,1999,1,2,1999,3,30,12.466666666666667,10.0,7.07464308022982,1999Q3,2,0.0,BEA NIPA-T10101/A191RL-Q (latest vintage),-12.466666666666667,0.015541777777777776
us,RECESS,chain_weighted_real_gdp,1999,1,3,1999,4,30,15.1,15.0,8.957177819087809,1999Q4,3,0.0,BEA NIPA-T10101/A191RL-Q (latest vintage),-15.1,0.022801
us,RECESS,chain_weighted_real_gdp,1999,1,4,2000,1,30,27.466666666666665,27.5,15.388606025312974,2000Q1,4,0.0,BEA NIPA-T10101/A191RL-Q (latest vintage),-27.466666666666665,0.07544177777777777
us,RECESS,chain_weighted_real_gdp,1999,2,0,1999,2,33,2.878787878787879,0.0,4.414164528520486,1999Q2,0,0.0,BEA NIPA-T10101/A191RL-Q (latest vintage),-2.878787878787879,0.0008287419651056016
us,RECESS,chain_weighted_real_gdp,1999,2,1,1999,3,33,5.696969696969697,5.0,5.462856673051475,1999Q3,1,0.0,BEA NIPA-T10101/A191RL-Q (latest vintage),-5.696969696969697,0.003245546372819101
us,RECESS,chain_weighted_real_gdp,1999,2,2,1999,4,33,8.727272727272727,6.0,7.1731823798468595,1999Q4,2,0.0,BEA NIPA-T10101/A191RL-Q (latest vintage),-8.727272727272727,0.007616528925619833
us,RECESS,chain_weighted_real_gdp,1999,2,3,2000,1,33,26.060606060606062,25.0,19.385786342607105,2000Q1,3,0.0,BEA NIPA-T10101/A191RL-Q (latest vintage),-26.060606060606062,0.06791551882460974
us,RECESS,chain_weighted_real_gdp,1999,2,4,2000,2,33,20.333333333333332,20.0,12.941374218631756,2000Q2,4,0.0,BEA NIPA-T10101/A191RL-Q (latest vintage),-20.333333333333332,0.041344444444444434
us,RECESS,chain_weighted_real_gdp,1999,3,0,1999,3,34,2.5,0.5,4.2941115424956,1999Q3,0,0.0,BEA NIPA-T10101/A191RL-Q (latest vintage),-2.5,0.0006250000000000001
us,RECESS,chain_weighted_real_gdp,1999,3,1,1999,4,34,6.882352941176471,5.0,7.6979521317797825,1999Q4,1,0.0,BEA NIPA-T10101/A191RL-Q (latest vintage),-6.882352941176471,0.004736678200692042
us,RECESS,chain_weighted_real_gdp,1999,3,2,2000,1,34,24.88235294117647,20.0,17.227118695194637,2000Q1,2,0.0,BEA NIPA-T10101/A191RL-Q (latest vintage),-24.88235294117647,0.06191314878892734
us,RECESS,chain_weighted_real_gdp,1999,3,3,2000,2,34,17.91176470588235,15.0,10.87774388110692,2000Q2,3,0.0,BEA NIPA-T10101/A191RL-Q (latest vintage),-17.91176470588235,0.03208313148788927
us,RECESS,chain_weighted_real_gdp,1999,3,4,2000,3,34,17.21470588235294,16.0,10.726803933984538,2000Q3,4,0.0,BEA NIPA-T10101/A191RL-Q (latest vintage),-17.21470588235294,0.029634609861591693
us,RECESS,chain_weighted_real_gdp,1999,4,0,1999,4,38,2.4342105263157894,0.0,4.063966662703065,1999Q4,0,0.0,BEA NIPA-T10101/A191RL-Q (latest vintage),-2.4342105263157894,0.0005925380886426593
us,RECESS,chain_weighted_real_gdp,1999,4,1,2000,1,38,17.894736842105264,16.0,16.439552623761294,2000Q1,1,0.0,BEA NIPA-T10101/A191RL-Q (latest vintage),-17.894736842105264,0.03202216066481994
us,RECESS,chain_weighted_real_gdp,1999,4,2,2000,2,38,13.842105263157896,10.0,10.283879580774146,2000Q2,2,0.0,BEA NIPA-T10101/A191RL-Q (latest vintage),-13.842105263157896,0.019160387811634347
us,RECESS,chain_weighted_real_gdp,1999,4,3,2000,3,38,14.263157894736842,13.0,8.946339159274805,2000Q3,3,0.0,BEA NIPA-T10101/A191RL-Q (latest vintage),-14.263157894736842,0.02034376731301939
us,RECESS,chain_weighted_real_gdp,1999,4,4,2000,4,38,16.210526315789473,15.0,9.415794363689598,2000Q4,4,0.0,BEA NIPA-T10101/A191RL-Q (latest vintage),-16.210526315789473,0.0262781163434903
us,RECESS,chain_weighted_real_gdp,2000,1,0,2000,1,33,5.181818181818182,0.0,8.790813903780986,2000Q1,0,0.0,BEA NIPA-T10101/A191RL-Q (latest vintage),-5.181818181818182,0.002685123966942149
us,RECESS,chain_weighted_real_gdp,2000,1,1,2000,2,33,6.636363636363637,5.0,6.494315696332937,2000Q2,1,0.0,BEA NIPA-T10101/A191RL-Q (latest vintage),-6.636363636363637,0.004404132231404958
us,RECESS,chain_weighted_real_gdp,2000,1,2,2000,3,33,9.666666666666666,10.0,7.444237144709098,2000Q3,2,0.0,BEA NIPA-T10101/A191RL-Q (latest vintage),-9.666666666666666,0.009344444444444443
us,RECESS,chain_weighted_real_gdp,2000,1,3,2000,4,33,13.151515151515152,15.0,9.02815461528965,2000Q4,3,0.0,BEA NIPA-T10101/A191RL-Q (latest vintage),-13.151515151515152,0.017296235078053265
us,RECESS,chain_weighted_real_gdp,2000,1,4,2001,1,33,17.363636363636363,15.0,9.023643186852876,2001Q1,4,100.0,BEA NIPA-T10101/A191RL-Q (latest vintage),82.63636363636364,0.6828768595041323
us,RECESS,chain_weighted_real_gdp,2000,2,0,2000,2,31,1.6451612903225807,0.0,2.288352931648644,2000Q2,0,0.0,BEA NIPA-T10101/A191RL-Q (latest vintage),-1.6451612903225807,0.0002706555671175859
us,RECESS,chain_weighted_real_gdp,2000,2,1,2000,3,31,4.645161290322581,5.0,4.078793833939753,2000Q3,1,0.0,BEA NIPA-T10101/A191RL-Q (latest vintage),-4.645161290322581,0.0021577523413111345
us,RECESS,chain_weighted_real_gdp,2000,2,2,2000,4,31,9.32258064516129,10.0,7.049288837767933,2000Q4,2,0.0,BEA NIPA-T10101/A191RL-Q (latest vintage),-9.32258064516129,0.008691050988553588
us,RECESS,chain_weighted_real_gdp,2000,2,3,2001,1,31,15.35483870967742,15.0,9.389882452571934,2001Q1,3,100.0,BEA NIPA-T10101/A191RL-Q (latest vintage),84.64516129032258,0.7164803329864724
us,RECESS,chain_weighted_real_gdp,2000,2,4,2001,2,31,18.096774193548388,15.0,11.199270329533908,2001Q2,4,0.0,BEA NIPA-T10101/A191RL-Q (latest vintage),-18.096774193548388,0.032749323621227885
us,RECESS,chain_weighted_real_gdp,2000,3,0,2000,3,30,2.95,1.0,3.7007687924500785,2000Q3,0,0.0,BEA NIPA-T10101/A191RL-Q (latest vintage),-2.95,0.0008702500000000001
us,RECESS,chain_weighted_real_gdp,2000,3,1,2000,4,30,6.533333333333333,5.0,6.46866896362146,2000Q4,1,0.0,BEA NIPA-T10101/A191RL-Q (latest vintage),-6.533333333333333,0.004268444444444444
us,RECESS,chain_weighted_real_gdp,2000,3,2,2001,1,30,13.066666666666666,10.0,7.785633689946053,2001Q1,2,100.0,BEA NIPA-T10101/A191RL-Q (latest vintage),86.93333333333334,0.7557404444444443
us,RECESS,chain_weighted_real_gdp,2000,3,3,2001,2,30,15.55,15.0,8.6146927417339,2001Q2,3,0.0,BEA NIPA-T10101/A191RL-Q (latest vintage),-15.55,0.02418025
us,RECESS,chain_weighted_real_gdp,2000,3,4,2001,3,30,17.466666666666665,15.0,9.912490669068385,2001Q3,4,100.0,BEA NIPA-T10101/A191RL-Q (latest vintage),82.53333333333333,0.6811751111111112
us,RECESS,chain_weighted_real_gdp,2000,4,0,2000,4,32,4.09375,0.5,7.663736875912808,2000Q4,0,0.0,BEA NIPA-T10101/A191RL-Q (latest vintage),-4.09375,0.0016758789062500002
us,RECESS,chain_weighted_real_gdp,2000,4,1,2001,1,32,10.90625,9.0,9.706530475456601,2001Q1,1,100.0,BEA NIPA-T10101/A191RL-Q (latest vintage),89.09375,0.7937696289062499
us,RECESS,chain_weighted_real_gdp,2000,4,2,2001,2,32,16.84375,15.0,12.370905969900871,2001Q2,2,0.0,BEA NIPA-T10101/A191RL-Q (latest vintage),-16.84375,0.028371191406249996
us,RECESS,chain_weighted_real_gdp,2000,4,3,2001,3,32,18.59375,16.5,11.76067634383823,2001Q3,3,100.0,BEA NIPA-T10101/A191RL-Q (latest vintage),81.40625,0.6626977539062501
us,RECESS,chain_weighted_real_gdp,2000,4,4,2001,4,31,19.193548387096776,20.0,11.945485492683584,2001Q4,4,0.0,BEA NIPA-T10101/A191RL-Q (latest vintage),-19.193548387096776,0.03683922996878253
us,RECESS,chain_weighted_real_gdp,2001,1,0,2001,1,31,36.516129032258064,35.0,18.27907905729377,2001Q1,0,100.0,BEA NIPA-T10101/A191RL-Q (latest vintage),63.483870967741936,0.40302018730489064
us,RECESS,chain_weighted_real_gdp,2001,1,1,2001,2,31,31.648387096774194,30.0,17.096566340793736,2001Q2,1,0.0,BEA NIPA-T10101/A191RL-Q (latest vintage),-31.648387096774194,0.10016204058272633
us,RECESS,chain_weighted_real_gdp,2001,1,2,2001,3,31,22.677419354838708,20.0,11.998297370249922,2001Q3,2,100.0,BEA NIPA-T10101/A191RL-Q (latest vintage),77.3225806451613,0.5978781477627471
us,RECESS,chain_weighted_real_gdp,2001,1,3,2001,4,30,17.9,20.0,11.210678406984457,2001Q4,3,0.0,BEA NIPA-T10101/A191RL-Q (latest vintage),-17.9,0.032041
us,RECESS,chain_weighted_real_gdp,2001,1,4,2002,1,29,12.724137931034482,10.0,9.019409830725138,2002Q1,4,0.0,BEA NIPA-T10101/A191RL-Q (latest vintage),-12.724137931034482,0.016190368608799046
us,RECESS,chain_weighted_real_gdp,2001,2,0,2001,2,28,31.535714285714285,35.0,18.270563539844414,2001Q2,0,0.0,BEA NIPA-T10101/A191RL-Q (latest vintage),-31.535714285714285,0.0994501275510204
us,RECESS,chain_weighted_real_gdp,2001,2,1,2001,3,28,28.821428571428573,25.0,15.867632023454101,2001Q3,1,100.0,BEA NIPA-T10101/A191RL-Q (latest vintage),71.17857142857143,0.5066389030612244
us,RECESS,chain_weighted_real_gdp,2001,2,2,2001,4,28,23.428571428571427,20.0,16.864225935456286,2001Q4,2,0.0,BEA NIPA-T10101/A191RL-Q (latest vintage),-23.428571428571427,0.05488979591836734
us,RECESS,chain_weighted_real_gdp,2001,2,3,2002,1,28,17.75,15.0,12.179597390414536,2002Q1,3,0.0,BEA NIPA-T10101/A191RL-Q (latest vintage),-17.75,0.03150625
us,RECESS,chain_weighted_real_gdp,2001,2,4,2002,2,28,13.035714285714286,10.0,9.960968801823418,2002Q2,4,0.0,BEA NIPA-T10101/A191RL-Q (latest vintage),-13.035714285714286,0.016992984693877552
us,RECESS,chain_weighted_real_gdp,2001,3,0,2001,3,29,34.58965517241379,30.0,18.025900905316103,2001Q3,0,100.0,BEA NIPA-T10101/A191RL-Q (latest vintage),65.41034482758621,0.4278513210463734
us,RECESS,chain_weighted_real_gdp,2001,3,1,2001,4,29,26.03448275862069,25.0,10.916837449622388,2001Q4,1,0.0,BEA NIPA-T10101/A191RL-Q (latest vintage),-26.03448275862069,0.06777942925089181
us,RECESS,chain_weighted_real_gdp,2001,3,2,2002,1,29,20.310344827586206,20.0,10.092796045680524,2002Q1,2,0.0,BEA NIPA-T10101/A191RL-Q (latest vintage),-20.310344827586206,0.041251010701545784
us,RECESS,chain_weighted_real_gdp,2001,3,3,2002,2,29,15.862068965517242,20.0,8.567897466419279,2002Q2,3,0.0,BEA NIPA-T10101/A191RL-Q (latest vintage),-15.862068965517242,0.025160523186682524
us,RECESS,chain_weighted_real_gdp,2001,3,4,2002,3,29,14.586206896551724,10.0,10.55095541164506,2002Q3,4,0.0,BEA NIPA-T10101/A191RL-Q (latest vintage),-14.586206896551724,0.021275743162901307
us,RECESS,chain_weighted_real_gdp,2001,4,0,2001,4,25,81.764,90.0,25.365837919007,2001Q4,0,0.0,BEA NIPA-T10101/A191RL-Q (latest vintage),-81.764,0.6685351695999999
us,RECESS,chain_weighted_real_gdp,2001,4,1,2002,1,25,48.803999999999995,50.0,20.004426176890618,2002Q1,1,0.0,BEA NIPA-T10101/A191RL-Q (latest vintage),-48.803999999999995,0.23818304159999998
us,RECESS,chain_weighted_real_gdp,2001,4,2,2002,2,25,27.204,30.0,18.255786297317716,2002Q2,2,0.0,BEA NIPA-T10101/A191RL-Q (latest vintage),-27.204,0.0740057616
us,RECESS,chain_weighted_real_gdp,2001,4,3,2002,3,25,18.4,10.0,14.195069566578391,2002Q3,3,0.0,BEA NIPA-T10101/A191RL-Q (latest vintage),-18.4,0.033856
us,RECESS,chain_weighted_real_gdp,2001,4,4,2002,4,24,15.625,10.0,14.31876998603733,2002Q4,4,0.0,BEA NIPA-T10101/A191RL-Q (latest vintage),-15.625,0.0244140625
us,RECESS,chain_weighted_real_gdp,2002,1,0,2002,1,32,32.840625,32.5,24.1906654801179,2002Q1,0,0.0,BEA NIPA-T10101/A191RL-Q (latest vintage),-32.840625,0.1078506650390625
us,RECESS,chain_weighted_real_gdp,2002,1,1,2002,2,32,29.450000000000003,30.0,18.941352610351707,2002Q2,1,0.0,BEA NIPA-T10101/A191RL-Q (latest vintage),-29.450000000000003,0.08673025000000002
us,RECESS,chain_weighted_real_gdp,2002,1,2,2002,3,32,20.13125,20.0,12.296955760176662,2002Q3,2,0.0,BEA NIPA-T10101/A191RL-Q (latest vintage),-20.13125,0.04052672265625
us,RECESS,chain_weighted_real_gdp,2002,1,3,2002,4,32,14.3,12.5,10.501735647639547,2002Q4,3,0.0,BEA NIPA-T10101/A191RL-Q (latest vintage),-14.3,0.020449000000000005
us,RECESS,chain_weighted_real_gdp,2002,1,4,2003,1,32,12.928125,10.0,9.867059383985524,2003Q1,4,0.0,BEA NIPA-T10101/A191RL-Q (latest vintage),-12.928125,0.016713641601562496
us,RECESS,chain_weighted_real_gdp,2002,2,0,2002,2,32,12.815625,10.0,14.276443701358701,2002Q2,0,0.0,BEA NIPA-T10101/A191RL-Q (latest vintage),-12.815625,0.0164240244140625
us,RECESS,chain_weighted_real_gdp,2002,2,1,2002,3,32,14.378125,10.0,12.171668170320249,2002Q3,1,0.0,BEA NIPA-T10101/A191RL-Q (latest vintage),-14.378125,0.0206730478515625
us,RECESS,chain_weighted_real_gdp,2002,2,2,2002,4,32,11.846875,10.0,9.77465400344671,2002Q4,2,0.0,BEA NIPA-T10101/A191RL-Q (latest vintage),-11.846875,0.014034844726562502
us,RECESS,chain_weighted_real_gdp,2002,2,3,2003,1,32,9.440625,10.0,8.234461784907182,2003Q1,3,0.0,BEA NIPA-T10101/A191RL-Q (latest vintage),-9.440625,0.008912540039062502
us,RECESS,chain_weighted_real_gdp,2002,2,4,2003,2,32,8.971875,10.0,7.25388591632766,2003Q2,4,0.0,BEA NIPA-T10101/A191RL-Q (latest vintage),-8.971875,0.008049454101562502
us,RECESS,chain_weighted_real_gdp,2002,3,0,2002,3,28,15.214285714285714,10.0,15.147074385301686,2002Q3,0,0.0,BEA NIPA-T10101/A191RL-Q (latest vintage),-15.214285714285714,0.023147448979591836
us,RECESS,chain_weighted_real_gdp,2002,3,1,2002,4,28,18.607142857142858,15.0,11.786179243674397,2002Q4,1,0.0,BEA NIPA-T10101/A191RL-Q (latest vintage),-18.607142857142858,0.03462257653061225
us,RECESS,chain_weighted_real_gdp,2002,3,2,2003,1,28,16.428571428571427,15.0,10.264749357148442,2003Q1,2,0.0,BEA NIPA-T10101/A191RL-Q (latest vintage),-16.428571428571427,0.026989795918367337
us,RECESS,chain_weighted_real_gdp,2002,3,3,2003,2,28,15.535714285714286,15.0,9.912514136581924,2003Q2,3,0.0,BEA NIPA-T10101/A191RL-Q (latest vintage),-15.535714285714286,0.024135841836734694
us,RECESS,chain_weighted_real_gdp,2002,3,4,2003,3,28,13.75,10.0,9.041570660012562,2003Q3,4,0.0,BEA NIPA-T10101/A191RL-Q (latest vintage),-13.75,0.018906250000000003
us,RECESS,chain_weighted_real_gdp,2002,4,0,2002,4,28,26.607142857142858,30.0,13.814483236442365,2002Q4,0,0.0,BEA NIPA-T10101/A191RL-Q (latest vintage),-26.607142857142858,0.07079400510204081
us,RECESS,chain_weighted_real_gdp,2002,4,1,2003,1,28,24.142857142857142,22.5,14.18061871322782,2003Q1,1,0.0,BEA NIPA-T10101/A191RL-Q (latest vintage),-24.142857142857142,0.05828775510204082
us,RECESS,chain_weighted_real_gdp,2002,4,2,2003,2,28,18.428571428571427,15.0,12.001322678427826,2003Q2,2,0.0,BEA NIPA-T10101/A191RL-Q (latest vintage),-18.428571428571427,0.03396122448979592
us,RECESS,chain_weighted_real_gdp,2002,4,3,2003,3,28,15.035714285714286,10.0,9.72390008197497,2003Q3,3,0.0,BEA NIPA-T10101/A191RL-Q (latest vintage),-15.035714285714286,0.022607270408163266
us,RECESS,chain_weighted_real_gdp,2002,4,4,2003,4,28,13.678571428571429,10.0,11.579207327276006,2003Q4,4,0.0,BEA NIPA-T10101/A191RL-Q (latest vintage),-13.678571428571429,0.018710331632653062
us,RECESS,chain_weighted_real_gdp,2003,1,0,2003,1,34,20.235294117647058,17.5,20.01372078369845,2003Q1,0,0.0,BEA NIPA-T10101/A191RL-Q (latest vintage),-20.235294117647058,0.04094671280276816
us,RECESS,chain_weighted_real_gdp,2003,1,1,2003,2,34,21.397058823529413,20.0,15.211528429055052,2003Q2,1,0.0,BEA NIPA-T10101/A191RL-Q (latest vintage),-21.397058823529413,0.04578341262975779
us,RECESS,chain_weighted_real_gdp,2003,1,2,2003,3,34,17.623529411764707,15.0,13.96816854925229,2003Q3,2,0.0,BEA NIPA-T10101/A191RL-Q (latest vintage),-17.623529411764707,0.03105887889273357
us,RECESS,chain_weighted_real_gdp,2003,1,3,2003,4,34,13.799999999999999,10.0,12.442449335020234,2003Q4,3,0.0,BEA NIPA-T10101/A191RL-Q (latest vintage),-13.799999999999999,0.019043999999999995
us,RECESS,chain_weighted_real_gdp,2003,1,4,2004,1,34,11.541176470588235,10.0,12.174242995495407,2004Q1,4,0.0,BEA NIPA-T10101/A191RL-Q (latest vintage),-11.541176470588235,0.013319875432525951
us,RECESS,chain_weighted_real_gdp,2003,2,0,2003,2,31,20.258064516129032,15.0,18.83430866253654,2003Q2,0,0.0,BEA NIPA-T10101/A191RL-Q (latest vintage),-20.258064516129032,0.04103891779396462
us,RECESS,chain_weighted_real_gdp,2003,2,1,2003,3,31,14.096774193548388,10.0,9.56157183280963,2003Q3,1,0.0,BEA NIPA-T10101/A191RL-Q (latest vintage),-14.096774193548388,0.019871904266389184
us,RECESS,chain_weighted_real_gdp,2003,2,2,2003,4,31,12.741935483870968,10.0,7.2478398710028715,2003Q4,2,0.0,BEA NIPA-T10101/A191RL-Q (latest vintage),-12.741935483870968,0.016235691987513005
us,RECESS,chain_weighted_real_gdp,2003,2,3,2004,1,31,10.935483870967742,10.0,7.509706979951427,2004Q1,3,0.0,BEA NIPA-T10101/A191RL-Q (latest vintage),-10.935483870967742,0.011958480749219564
us,RECESS,chain_weighted_real_gdp,2003,2,4,2004,2,31,10.419354838709678,10.0,7.614784713736767,2004Q2,4,0.0,BEA NIPA-T10101/A191RL-Q (latest vintage),-10.419354838709678,0.010856295525494278
us,RECESS,chain_weighted_real_gdp,2003,3,0,2003,3,26,5.153846153846154,5.0,5.640512797200678,2003Q3,0,0.0,BEA NIPA-T10101/A191RL-Q (latest vintage),-5.153846153846154,0.0026562130177514793
us,RECESS,chain_weighted_real_gdp,2003,3,1,2003,4,26,6.884615384615385,7.5,5.398717796491482,2003Q4,1,0.0,BEA NIPA-T10101/A191RL-Q (latest vintage),-6.884615384615385,0.0047397928994082844
us,RECESS,chain_weighted_real_gdp,2003,3,2,2004,1,26,8.692307692307692,7.5,6.136899743481106,2004Q1,2,0.0,BEA NIPA-T10101/A191RL-Q (latest vintage),-8.692307692307692,0.007555621301775148
us,RECESS,chain_weighted_real_gdp,2003,3,3,2004,2,26,9.423076923076923,8.5,6.543229031131812,2004Q2,3,0.0,BEA NIPA-T10101/A191RL-Q (latest vintage),-9.423076923076923,0.008879437869822485
us,RECESS,chain_weighted_real_gdp,2003,3,4,2004,3,26,9.73076923076923,10.0,6.879288872013981,2004Q3,4,0.0,BEA NIPA-T10101/A191RL-Q (latest vintage),-9.73076923076923,0.00946878698224852
us,RECESS,chain_weighted_real_gdp,2003,4,0,2003,4,31,4.003225806451613,1.0,5.61904403915635,2003Q4,0,0.0,BEA NIPA-T10101/A191RL-Q (latest vintage),-4.003225806451613,0.0016025816857440167
us,RECESS,chain_weighted_real_gdp,2003,4,1,2004,1,31,6.354838709677419,5.0,5.492712669812455,2004Q1,1,0.0,BEA NIPA-T10101/A191RL-Q (latest vintage),-6.354838709677419,0.004038397502601455
us,RECESS,chain_weighted_real_gdp,2003,4,2,2004,2,31,7.806451612903226,8.0,5.068986452528156,2004Q2,2,0.0,BEA NIPA-T10101/A191RL-Q (latest vintage),-7.806451612903226,0.006094068678459938
us,RECESS,chain_weighted_real_gdp,2003,4,3,2004,3,31,9.290322580645162,10.0,5.917170204228238,2004Q3,3,0.0,BEA NIPA-T10101/A191RL-Q (latest vintage),-9.290322580645162,0.008631009365244538
us,RECESS,chain_weighted_real_gdp,2003,4,4,2004,4,31,10.129032258064516,10.0,6.551040301529069,2004Q4,4,0.0,BEA NIPA-T10101/A191RL-Q (latest vintage),-10.129032258064516,0.010259729448491154
us,RECESS,chain_weighted_real_gdp,2004,1,0,2004,1,28,2.1785714285714284,0.5,2.7087453898994616,2004Q1,0,0.0,BEA NIPA-T10101/A191RL-Q (latest vintage),-2.1785714285714284,0.0004746173469387754
us,RECESS,chain_weighted_real_gdp,2004,1,1,2004,2,28,4.678571428571429,5.0,3.9539344814498234,2004Q2,1,0.0,BEA NIPA-T10101/A191RL-Q (latest vintage),-4.678571428571429,0.00218890306122449
us,RECESS,chain_weighted_real_gdp,2004,1,2,2004,3,28,6.178571428571429,5.0,4.35510404203289,2004Q3,2,0.0,BEA NIPA-T10101/A191RL-Q (latest vintage),-6.178571428571429,0.003817474489795919
us,RECESS,chain_weighted_real_gdp,2004,1,3,2004,4,28,8.25,10.0,5.2958754041514515,2004Q4,3,0.0,BEA NIPA-T10101/A191RL-Q (latest vintage),-8.25,0.006806250000000001
us,RECESS,chain_weighted_real_gdp,2004,1,4,2005,1,28,9.75,10.0,6.168167985414819,2005Q1,4,0.0,BEA NIPA-T10101/A191RL-Q (latest vintage),-9.75,0.00950625
us,RECESS,chain_weighted_real_gdp,2004,2,0,2004,2,29,1.4482758620689655,0.0,2.746246879139285,2004Q2,0,0.0,BEA NIPA-T10101/A191RL-Q (latest vintage),-1.4482758620689655,0.00020975029726516054
us,RECESS,chain_weighted_real_gdp,2004,2,1,2004,3,29,4.344827586206897,5.0,3.456627816538681,2004Q3,1,0.0,BEA NIPA-T10101/A191RL-Q (latest vintage),-4.344827586206897,0.0018877526753864448
us,RECESS,chain_weighted_real_gdp,2004,2,2,2004,4,29,7.137931034482759,5.0,5.736625052683319,2004Q4,2,0.0,BEA NIPA-T10101/A191RL-Q (latest vintage),-7.137931034482759,0.00509500594530321
us,RECESS,chain_weighted_real_gdp,2004,2,3,2005,1,29,10.241379310344827,10.0,7.71665717973506,2005Q1,3,0.0,BEA NIPA-T10101/A191RL-Q (latest vintage),-10.241379310344827,0.01048858501783591
us,RECESS,chain_weighted_real_gdp,2004,2,4,2005,2,29,11.758620689655173,10.0,8.600893526728957,2005Q2,4,0.0,BEA NIPA-T10101/A191RL-Q (latest vintage),-11.758620689655173,0.013826516052318667
us,RECESS,chain_weighted_real_gdp,2004,3,0,2004,3,28,3.9,3.0,3.647221164423981,2004Q3,0,0.0,BEA NIPA-T10101/A191RL-Q (latest vintage),-3.9,0.001521
us,RECESS,chain_weighted_real_gdp,2004,3,1,2004,4,28,6.392857142857143,5.0,5.314824032586074,2004Q4,1,0.0,BEA NIPA-T10101/A191RL-Q (latest vintage),-6.392857142857143,0.00408686224489796
us,RECESS,chain_weighted_real_gdp,2004,3,2,2005,1,28,7.714285714285714,7.5,5.408204623410366,2005Q1,2,0.0,BEA NIPA-T10101/A191RL-Q (latest vintage),-7.714285714285714,0.005951020408163265
us,RECESS,chain_weighted_real_gdp,2004,3,3,2005,2,28,10.142857142857142,10.0,6.802582765033607,2005Q2,3,0.0,BEA NIPA-T10101/A191RL-Q (latest vintage),-10.142857142857142,0.010287755102040816
us,RECESS,chain_weighted_real_gdp,2004,3,4,2005,3,28,11.214285714285714,10.0,7.20265970862895,2005Q3,4,0.0,BEA NIPA-T10101/A191RL-Q (latest vintage),-11.214285714285714,0.012576020408163266
us,RECESS,chain_weighted_real_gdp,2004,4,0,2004,4,31,3.467741935483871,1.0,3.805556209611958,2004Q4,0,0.0,BEA NIPA-T10101/A191RL-Q (latest vintage),-3.467741935483871,0.0012025234131113423
us,RECESS,chain_weighted_real_gdp,2004,4,1,2005,1,31,9.612903225806452,10.0,7.574859379794183,2005Q1,1,0.0,BEA NIPA-T10101/A191RL-Q (latest vintage),-9.612903225806452,0.009240790842872009
us,RECESS,chain_weighted_real_gdp,2004,4,2,2005,2,31,11.051612903225807,10.0,8.523843849959631,2005Q2,2,0.0,BEA NIPA-T10101/A191RL-Q (latest vintage),-11.051612903225807,0.012213814776274716
us,RECESS,chain_weighted_real_gdp,2004,4,3,2005,3,31,11.303225806451612,10.0,7.265236122382982,2005Q3,3,0.0,BEA NIPA-T10101/A191RL-Q (latest vintage),-11.303225806451612,0.012776291363163371
us,RECESS,chain_weighted_real_gdp,2004,4,4,2005,4,31,12.451612903225806,10.0,8.76294741008001,2005Q4,4,0.0,BEA NIPA-T10101/A191RL-Q (latest vintage),-12.451612903225806,0.015504266389177939
us,RECESS,chain_weighted_real_gdp,2005,1,0,2005,1,34,5.185294117647059,3.4,6.519255039842344,2005Q1,0,0.0,BEA NIPA-T10101/A191RL-Q (latest vintage),-5.185294117647059,0.002688727508650519
us,RECESS,chain_weighted_real_gdp,2005,1,1,2005,2,34,8.064705882352941,5.0,6.823972110539352,2005Q2,1,0.0,BEA NIPA-T10101/A191RL-Q (latest vintage),-8.064705882352941,0.006503948096885812
us,RECESS,chain_weighted_real_gdp,2005,1,2,2005,3,34,9.961764705882352,6.6,8.71995324931457,2005Q3,2,0.0,BEA NIPA-T10101/A191RL-Q (latest vintage),-9.961764705882352,0.00992367560553633
us,RECESS,chain_weighted_real_gdp,2005,1,3,2005,4,34,11.552941176470588,10.0,9.22553226826499,2005Q4,3,0.0,BEA NIPA-T10101/A191RL-Q (latest vintage),-11.552941176470588,0.013347044982698961
us,RECESS,chain_weighted_real_gdp,2005,1,4,2006,1,34,13.138235294117647,10.0,8.217203487505966,2006Q1,4,0.0,BEA NIPA-T10101/A191RL-Q (latest vintage),-13.138235294117647,0.017261322664359865
us,RECESS,chain_weighted_real_gdp,2005,2,0,2005,2,45,4.2444444444444445,2.0,5.205571995273891,2005Q2,0,0.0,BEA NIPA-T10101/A191RL-Q (latest vintage),-4.2444444444444445,0.0018015308641975308
us,RECESS,chain_weighted_real_gdp,2005,2,1,2005,3,45,6.766666666666667,5.0,5.900308158362271,2005Q3,1,0.0,BEA NIPA-T10101/A191RL-Q (latest vintage),-6.766666666666667,0.004578777777777778
us,RECESS,chain_weighted_real_gdp,2005,2,2,2005,4,45,9.366666666666667,10.0,7.595153957383856,2005Q4,2,0.0,BEA NIPA-T10101/A191RL-Q (latest vintage),-9.366666666666667,0.008773444444444447
us,RECESS,chain_weighted_real_gdp,2005,2,3,2006,1,45,10.61111111111111,10.0,7.260485277489822,2006Q1,3,0.0,BEA NIPA-T10101/A191RL-Q (latest vintage),-10.61111111111111,0.011259567901234566
us,RECESS,chain_weighted_real_gdp,2005,2,4,2006,2,45,11.766666666666667,10.0,8.208642895254867,2006Q2,4,0.0,BEA NIPA-T10101/A191RL-Q (latest vintage),-11.766666666666667,0.013845444444444445
us,RECESS,chain_weighted_real_gdp,2005,3,0,2005,3,51,2.215686274509804,1.0,3.0874826347054722,2005Q3,0,0.0,BEA NIPA-T10101/A191RL-Q (latest vintage),-2.215686274509804,0.0004909265667051135
us,RECESS,chain_weighted_real_gdp,2005,3,1,2005,4,51,5.411764705882353,5.0,5.196831613928761,2005Q4,1,0.0,BEA NIPA-T10101/A191RL-Q (latest vintage),-5.411764705882353,0.0029287197231833914
us,RECESS,chain_weighted_real_gdp,2005,3,2,2006,1,51,9.254901960784315,10.0,6.796596610818983,2006Q1,2,0.0,BEA NIPA-T10101/A191RL-Q (latest vintage),-9.254901960784315,0.008565321030372936
us,RECESS,chain_weighted_real_gdp,2005,3,3,2006,2,51,12.049019607843137,10.0,7.884322990568553,2006Q2,3,0.0,BEA NIPA-T10101/A191RL-Q (latest vintage),-12.049019607843137,0.014517887351018837
us,RECESS,chain_weighted_real_gdp,2005,3,4,2006,3,51,13.823529411764707,15.0,8.983776226850134,2006Q3,4,0.0,BEA NIPA-T10101/A191RL-Q (latest vintage),-13.823529411764707,0.01910899653979239
us,RECESS,chain_weighted_real_gdp,2005,4,0,2005,4,48,6.0625,4.2,8.311274705726106,2005Q4,0,0.0,BEA NIPA-T10101/A191RL-Q (latest vintage),-6.0625,0.003675390625
us,RECESS,chain_weighted_real_gdp,2005,4,1,2006,1,48,7.5687500000000005,5.0,6.28223284096388,2006Q1,1,0.0,BEA NIPA-T10101/A191RL-Q (latest vintage),-7.5687500000000005,0.005728597656250001
us,RECESS,chain_weighted_real_gdp,2005,4,2,2006,2,48,9.766666666666667,9.0,7.4573777073113,2006Q2,2,0.0,BEA NIPA-T10101/A191RL-Q (latest vintage),-9.766666666666667,0.00953877777777778
us,RECESS,chain_weighted_real_gdp,2005,4,3,2006,3,48,12.414583333333333,10.0,8.280147742112195,2006Q3,3,0.0,BEA NIPA-T10101/A191RL-Q (latest vintage),-12.414583333333333,0.015412187934027778
us,RECESS,chain_weighted_real_gdp,2005,4,4,2006,4,48,13.9625,11.0,9.108299348466574,2006Q4,4,0.0,BEA NIPA-T10101/A191RL-Q (latest vintage),-13.9625,0.019495140625
us,RECESS,chain_weighted_real_gdp,2006,1,0,2006,1,50,2.84,1.0,4.8376077744678545,2006Q1,0,0.0,BEA NIPA-T10101/A191RL-Q (latest vintage),-2.84,0.0008065599999999999
us,RECESS,chain_weighted_real_gdp,2006,1,1,2006,2,50,6.99,5.0,6.5578197596457315,2006Q2,1,0.0,BEA NIPA-T10101/A191RL-Q (latest vintage),-6.99,0.0048860100000000005
us,RECESS,chain_weighted_real_gdp,2006,1,2,2006,3,50,10.76,10.0,8.10973212270546,2006Q3,2,0.0,BEA NIPA-T10101/A191RL-Q (latest vintage),-10.76,0.01157776
us,RECESS,chain_weighted_real_gdp,2006,1,3,2006,4,50,13.72,10.0,10.069229749841943,2006Q4,3,0.0,BEA NIPA-T10101/A191RL-Q (latest vintage),-13.72,0.018823840000000005
us,RECESS,chain_weighted_real_gdp,2006,1,4,2007,1,49,16.714285714285715,15.0,10.277402395547233,2007Q1,4,0.0,BEA NIPA-T10101/A191RL-Q (latest vintage),-16.714285714285715,0.027936734693877554
us,RECESS,chain_weighted_real_gdp,2006,2,0,2006,2,49,3.122448979591837,1.0,4.547813820311655,2006Q2,0,0.0,BEA NIPA-T10101/A191RL-Q (latest vintage),-3.122448979591837,0.0009749687630154102
us,RECESS,chain_weighted_real_gdp,2006,2,1,2006,3,49,6.959183673469388,5.0,6.18788865336106,2006Q3,1,0.0,BEA NIPA-T10101/A191RL-Q (latest vintage),-6.959183673469388,0.004843023740108288
us,RECESS,chain_weighted_real_gdp,2006,2,2,2006,4,49,10.959183673469388,10.0,6.843364132724579,2006Q4,2,0.0,BEA NIPA-T10101/A191RL-Q (latest vintage),-10.959183673469388,0.012010370678883801
us,RECESS,chain_weighted_real_gdp,2006,2,3,2007,1,49,14.673469387755102,15.0,8.87502994150358,2007Q1,3,0.0,BEA NIPA-T10101/A191RL-Q (latest vintage),-14.673469387755102,0.021531070387338605
us,RECESS,chain_weighted_real_gdp,2006,2,4,2007,2,49,17.081632653061224,16.0,10.8355832305224,2007Q2,4,0.0,BEA NIPA-T10101/A191RL-Q (latest vintage),-17.081632653061224,0.029178217409412743
us,RECESS,chain_weighted_real_gdp,2006,3,0,2006,3,46,5.206739130434783,5.0,5.333716675534915,2006Q3,0,0.0,BEA NIPA-T10101/A191RL-Q (latest vintage),-5.206739130434783,0.002711013237240076
us,RECESS,chain_weighted_real_gdp,2006,3,1,2006,4,46,9.656521739130435,10.0,6.873157197029068,2006Q4,1,0.0,BEA NIPA-T10101/A191RL-Q (latest vintage),-9.656521739130435,0.009324841209829867
us,RECESS,chain_weighted_real_gdp,2006,3,2,2007,1,46,16.232608695652175,15.0,10.508199007290049,2007Q1,2,0.0,BEA NIPA-T10101/A191RL-Q (latest vintage),-16.232608695652175,0.026349758506616264
us,RECESS,chain_weighted_real_gdp,2006,3,3,2007,2,46,19.266304347826086,20.0,9.81727533114643,2007Q2,3,0.0,BEA NIPA-T10101/A191RL-Q (latest vintage),-19.266304347826086,0.03711904832230623
us,RECESS,chain_weighted_real_gdp,2006,3,4,2007,3,45,20.644444444444446,20.0,9.96848569596742,2007Q3,4,0.0,BEA NIPA-T10101/A191RL-Q (latest vintage),-20.644444444444446,0.042619308641975315
us,RECESS,chain_weighted_real_gdp,2006,4,0,2006,4,45,9.155555555555555,10.0,8.844504085885909,2006Q4,0,0.0,BEA NIPA-T10101/A191RL-Q (latest vintage),-9.155555555555555,0.00838241975308642
us,RECESS,chain_weighted_real_gdp,2006,4,1,2007,1,45,14.977777777777778,15.0,10.697257271437065,2007Q1,1,0.0,BEA NIPA-T10101/A191RL-Q (latest vintage),-14.977777777777778,0.022433382716049385
us,RECESS,chain_weighted_real_gdp,2006,4,2,2007,2,45,17.2,15.0,9.39438904104708,2007Q2,2,0.0,BEA NIPA-T10101/A191RL-Q (latest vintage),-17.2,0.029583999999999996
us,RECESS,chain_weighted_real_gdp,2006,4,3,2007,3,45,18.355555555555554,18.0,10.093101954835642,2007Q3,3,0.0,BEA NIPA-T10101/A191RL-Q (latest vintage),-18.355555555555554,0.03369264197530864
us,RECESS,chain_weighted_real_gdp,2006,4,4,2007,4,45,18.822222222222223,15.0,11.2579040696039,2007Q4,4,0.0,BEA NIPA-T10101/A191RL-Q (latest vintage),-18.822222222222223,0.03542760493827161
us,RECESS,chain_weighted_real_gdp,2007,1,0,2007,1,46,8.284782608695652,5.0,12.285202795618337,2007Q1,0,0.0,BEA NIPA-T10101/A191RL-Q (latest vintage),-8.284782608695652,0.006863762287334594
us,RECESS,chain_weighted_real_gdp,2007,1,1,2007,2,46,13.141304347826088,10.0,12.14480366406338,2007Q2,1,0.0,BEA NIPA-T10101/A191RL-Q (latest vintage),-13.141304347826088,0.017269387996219285
us,RECESS,chain_weighted_real_gdp,2007,1,2,2007,3,46,13.815217391304348,11.25,9.731597274201516,2007Q3,2,0.0,BEA NIPA-T10101/A191RL-Q (latest vintage),-13.815217391304348,0.019086023156899806
us,RECESS,chain_weighted_real_gdp,2007,1,3,2007,4,46,14.934782608695652,15.0,9.668740407250674,2007Q4,3,0.0,BEA NIPA-T10101/A191RL-Q (latest vintage),-14.934782608695652,0.02230477315689981
us,RECESS,chain_weighted_real_gdp,2007,1,4,2008,1,44,15.0,13.5,10.040036134466616,2008Q1,4,100.0,BEA NIPA-T10101/A191RL-Q (latest vintage),85.0,0.7224999999999999
us,RECESS,chain_weighted_real_gdp,2007,2,0,2007,2,48,11.750208333333333,10.0,9.79661806378041,2007Q2,0,0.0,BEA NIPA-T10101/A191RL-Q (latest vintage),-11.750208333333333,0.01380673958767361
us,RECESS,chain_weighted_real_gdp,2007,2,1,2007,3,48,14.000208333333333,12.0,9.995445875674886,2007Q3,1,0.0,BEA NIPA-T10101/A191RL-Q (latest vintage),-14.000208333333333,0.019600583337673613
us,RECESS,chain_weighted_real_gdp,2007,2,2,2007,4,48,15.416875,12.0,10.33415987099879,2007Q4,2,0.0,BEA NIPA-T10101/A191RL-Q (latest vintage),-15.416875,0.023768003476562497
us,RECESS,chain_weighted_real_gdp,2007,2,3,2008,1,48,16.312708333333333,15.0,10.48604579136733,2008Q1,3,100.0,BEA NIPA-T10101/A191RL-Q (latest vintage),83.68729166666667,0.7003562786501736
us,RECESS,chain_weighted_real_gdp,2007,2,4,2008,2,48,16.625208333333333,15.0,10.980560771166962,2008Q2,4,0.0,BEA NIPA-T10101/A191RL-Q (latest vintage),-16.625208333333333,0.02763975521267361
us,RECESS,chain_weighted_real_gdp,2007,3,0,2007,3,43,12.44186046511628,10.0,9.108610070073142,2007Q3,0,0.0,BEA NIPA-T10101/A191RL-Q (latest vintage),-12.44186046511628,0.015479989183342348
us,RECESS,chain_weighted_real_gdp,2007,3,1,2007,4,44,16.954545454545453,15.0,12.422699675611737,2007Q4,1,0.0,BEA NIPA-T10101/A191RL-Q (latest vintage),-16.954545454545453,0.028745661157024788
us,RECESS,chain_weighted_real_gdp,2007,3,2,2008,1,44,19.136363636363637,20.0,10.745666317584941,2008Q1,2,100.0,BEA NIPA-T10101/A191RL-Q (latest vintage),80.86363636363636,0.6538927685950413
us,RECESS,chain_weighted_real_gdp,2007,3,3,2008,2,44,18.727272727272727,20.0,10.579408776648387,2008Q2,3,0.0,BEA NIPA-T10101/A191RL-Q (latest vintage),-18.727272727272727,0.03507107438016528
us,RECESS,chain_weighted_real_gdp,2007,3,4,2008,3,44,18.681818181818183,15.5,11.585421326607444,2008Q3,4,100.0,BEA NIPA-T10101/A191RL-Q (latest vintage),81.31818181818181,0.6612646694214876
us,RECESS,chain_weighted_real_gdp,2007,4,0,2007,4,45,18.88888888888889,15.0,13.030073993758757,2007Q4,0,0.0,BEA NIPA-T10101/A191RL-Q (latest vintage),-18.88888888888889,0.03567901234567901
us,RECESS,chain_weighted_real_gdp,2007,4,1,2008,1,45,22.511111111111113,20.0,11.12046071278733,2008Q1,1,100.0,BEA NIPA-T10101/A191RL-Q (latest vintage),77.48888888888888,0.6004527901234568
us,RECESS,chain_weighted_real_gdp,2007,4,2,2008,2,46,21.5,20.0,9.349390948672063,2008Q2,2,0.0,BEA NIPA-T10101/A191RL-Q (latest vintage),-21.5,0.046224999999999995
us,RECESS,chain_weighted_real_gdp,2007,4,3,2008,3,46,20.065217391304348,20.0,9.52984125765667,2008Q3,3,100.0,BEA NIPA-T10101/A191RL-Q (latest vintage),79.93478260869566,0.6389569470699433
us,RECESS,chain_weighted_real_gdp,2007,4,4,2008,4,44,19.931818181818183,20.0,10.408846253945073,2008Q4,4,100.0,BEA NIPA-T10101/A191RL-Q (latest vintage),80.06818181818181,0.6410913739669422
us,RECESS,chain_weighted_real_gdp,2008,1,0,2008,1,45,47.31111111111111,45.0,19.62700160287332,2008Q1,0,100.0,BEA NIPA-T10101/A191RL-Q (latest vintage),52.68888888888889,0.27761190123456797
us,RECESS,chain_weighted_real_gdp,2008,1,1,2008,2,45,42.91111111111111,40.0,17.13691154711774,2008Q2,1,0.0,BEA NIPA-T10101/A191RL-Q (latest vintage),-42.91111111111111,0.18413634567901235
us,RECESS,chain_weighted_real_gdp,2008,1,2,2008,3,44,29.90909090909091,25.0,15.316533370941718,2008Q3,2,100.0,BEA NIPA-T10101/A191RL-Q (latest vintage),70.0909090909091,0.49127355371900827
us,RECESS,chain_weighted_real_gdp,2008,1,3,2008,4,44,22.886363636363637,20.0,12.555395225162858,2008Q4,3,100.0,BEA NIPA-T10101/A191RL-Q (latest vintage),77.11363636363636,0.594651291322314
us,RECESS,chain_weighted_real_gdp,2008,1,4,2009,1,42,20.571428571428573,20.0,14.59893557286377,2009Q1,4,100.0,BEA NIPA-T10101/A191RL-Q (latest vintage),79.42857142857143,0.6308897959183674
us,RECESS,chain_weighted_real_gdp,2008,2,0,2008,2,45,49.06666666666667,50.0,21.340742084737183,2008Q2,0,0.0,BEA NIPA-T10101/A191RL-Q (latest vintage),-49.06666666666667,0.24075377777777782
us,RECESS,chain_weighted_real_gdp,2008,2,1,2008,3,45,28.666666666666668,25.0,17.383377640200372,2008Q3,1,100.0,BEA NIPA-T10101/A191RL-Q (latest vintage),71.33333333333333,0.5088444444444445
us,RECESS,chain_weighted_real_gdp,2008,2,2,2008,4,45,29.866666666666667,30.0,16.152117789655605,2008Q4,2,100.0,BEA NIPA-T10101/A191RL-Q (latest vintage),70.13333333333333,0.4918684444444445
us,RECESS,chain_weighted_real_gdp,2008,2,3,2009,1,44,24.272727272727273,20.0,14.411499988685774,2009Q1,3,100.0,BEA NIPA-T10101/A191RL-Q (latest vintage),75.72727272727272,0.5734619834710745
us,RECESS,chain_weighted_real_gdp,2008,2,4,2009,2,43,18.837209302325583,20.0,12.887665259312948,2009Q2,4,100.0,BEA NIPA-T10101/A191RL-Q (latest vintage),81.16279069767441,0.6587398593834505
us,RECESS,chain_weighted_real_gdp,2008,3,0,2008,3,44,34.09090909090909,33.5,20.7967105871904,2008Q3,0,100.0,BEA NIPA-T10101/A191RL-Q (latest vintage),65.9090909090909,0.434400826446281
us,RECESS,chain_weighted_real_gdp,2008,3,1,2008,4,44,46.56818181818182,45.0,22.483479958314746,2008Q4,1,100.0,BEA NIPA-T10101/A191RL-Q (latest vintage),53.43181818181818,0.2854959194214876
us,RECESS,chain_weighted_real_gdp,2008,3,2,2009,1,44,32.88636363636363,30.0,17.146721035909408,2009Q1,2,100.0,BEA NIPA-T10101/A191RL-Q (latest vintage),67.11363636363637,0.45042401859504133
us,RECESS,chain_weighted_real_gdp,2008,3,3,2009,2,44,22.386363636363637,20.0,13.992050748327182,2009Q2,3,100.0,BEA NIPA-T10101/A191RL-Q (latest vintage),77.61363636363636,0.6023876549586776
us,RECESS,chain_weighted_real_gdp,2008,3,4,2009,3,43,17.441860465116278,15.0,12.698523209190594,2009Q3,4,0.0,BEA NIPA-T10101/A191RL-Q (latest vintage),-17.441860465116278,0.030421849648458617
us,RECESS,chain_weighted_real_gdp,2008,4,0,2008,4,49,90.14285714285714,95.0,11.968709203585824,2008Q4,0,100.0,BEA NIPA-T10101/A191RL-Q (latest vintage),9.857142857142861,0.00971632653061226
us,RECESS,chain_weighted_real_gdp,2008,4,1,2009,1,49,74.77551020408163,75.0,17.046829258108442,2009Q1,1,100.0,BEA NIPA-T10101/A191RL-Q (latest vintage),25.224489795918373,0.063627488546439
us,RECESS,chain_weighted_real_gdp,2008,4,2,2009,2,49,49.3469387755102,50.0,19.215392072945242,2009Q2,2,100.0,BEA NIPA-T10101/A191RL-Q (latest vintage),50.6530612244898,0.2565732611411912
us,RECESS,chain_weighted_real_gdp,2008,4,3,2009,3,49,32.755102040816325,30.0,16.896166493523637,2009Q3,3,0.0,BEA NIPA-T10101/A191RL-Q (latest vintage),-32.755102040816325,0.10728967097042898
us,RECESS,chain_weighted_real_gdp,2008,4,4,2009,4,49,23.612244897959183,25.0,14.14922896387322,2009Q4,4,0.0,BEA NIPA-T10101/A191RL-Q (latest vintage),-23.612244897959183,0.05575381091211995
us,RECESS,chain_weighted_real_gdp,2009,1,0,2009,1,41,94.41463414634147,99.0,10.540340624847229,2009Q1,0,100.0,BEA NIPA-T10101/A191RL-Q (latest vintage),5.58536585365853,0.0031196311719214683
us,RECESS,chain_weighted_real_gdp,2009,1,1,2009,2,41,73.97560975609755,75.0,18.166573431550113,2009Q2,1,100.0,BEA NIPA-T10101/A191RL-Q (latest vintage),26.024390243902445,0.06772688875669244
us,RECESS,chain_weighted_real_gdp,2009,1,2,2009,3,41,44.65853658536585,45.0,18.58845038740126,2009Q3,2,0.0,BEA NIPA-T10101/A191RL-Q (latest vintage),-44.65853658536585,0.199438488994646
us,RECESS,chain_weighted_real_gdp,2009,1,3,2009,4,41,29.902439024390244,25.0,17.606539804925866,2009Q4,3,0.0,BEA NIPA-T10101/A191RL-Q (latest vintage),-29.902439024390244,0.08941558596073765
us,RECESS,chain_weighted_real_gdp,2009,1,4,2010,1,40,21.55,20.0,16.241684262794536,2010Q1,4,0.0,BEA NIPA-T10101/A191RL-Q (latest vintage),-21.55,0.046440249999999995
us,RECESS,chain_weighted_real_gdp,2009,2,0,2009,2,46,78.91304347826087,80.0,17.58386392495691,2009Q2,0,100.0,BEA NIPA-T10101/A191RL-Q (latest vintage),21.086956521739125,0.04446597353497165
us,RECESS,chain_weighted_real_gdp,2009,2,1,2009,3,47,46.46808510638298,45.0,18.13817864379824,2009Q3,1,0.0,BEA NIPA-T10101/A191RL-Q (latest vintage),-46.46808510638298,0.21592829334540514
us,RECESS,chain_weighted_real_gdp,2009,2,2,2009,4,47,26.914893617021278,30.0,14.561458639361232,2009Q4,2,0.0,BEA NIPA-T10101/A191RL-Q (latest vintage),-26.914893617021278,0.07244114984155728
us,RECESS,chain_weighted_real_gdp,2009,2,3,2010,1,47,17.53191489361702,15.0,11.36901025065753,2010Q1,3,0.0,BEA NIPA-T10101/A191RL-Q (latest vintage),-17.53191489361702,0.03073680398370303
us,RECESS,chain_weighted_real_gdp,2009,2,4,2010,2,46,14.369565217391305,12.5,9.243276705325213,2010Q2,4,0.0,BEA NIPA-T10101/A191RL-Q (latest vintage),-14.369565217391305,0.020648440453686204
us,RECESS,chain_weighted_real_gdp,2009,3,0,2009,3,33,25.87878787878788,25.0,17.874139097725756,2009Q3,0,0.0,BEA NIPA-T10101/A191RL-Q (latest vintage),-25.87878787878788,0.06697116620752984
us,RECESS,chain_weighted_real_gdp,2009,3,1,2009,4,33,23.727272727272727,20.0,14.353293888670486,2009Q4,1,0.0,BEA NIPA-T10101/A191RL-Q (latest vintage),-23.727272727272727,0.056298347107438015
us,RECESS,chain_weighted_real_gdp,2009,3,2,2010,1,33,17.827272727272724,12.3,12.451788845565343,2010Q1,2,0.0,BEA NIPA-T10101/A191RL-Q (latest vintage),-17.827272727272724,0.03178116528925619
us,RECESS,chain_weighted_real_gdp,2009,3,3,2010,2,33,15.857575757575756,12.3,11.5596558746095,2010Q2,3,0.0,BEA NIPA-T10101/A191RL-Q (latest vintage),-15.857575757575756,0.025146270890725433
us,RECESS,chain_weighted_real_gdp,2009,3,4,2010,3,33,13.493939393939394,10.0,9.964685751252377,2010Q3,4,0.0,BEA NIPA-T10101/A191RL-Q (latest vintage),-13.493939393939394,0.018208640036730946
us,RECESS,chain_weighted_real_gdp,2009,4,0,2009,4,40,15.35,10.0,13.674888083730853,2009Q4,0,0.0,BEA NIPA-T10101/A191RL-Q (latest vintage),-15.35,0.02356225
us,RECESS,chain_weighted_real_gdp,2009,4,1,2010,1,40,15.875,15.0,11.769555467282352,2010Q1,1,0.0,BEA NIPA-T10101/A191RL-Q (latest vintage),-15.875,0.0252015625
us,RECESS,chain_weighted_real_gdp,2009,4,2,2010,2,40,13.975,10.0,9.704578618046542,2010Q2,2,0.0,BEA NIPA-T10101/A191RL-Q (latest vintage),-13.975,0.019530062499999997
us,RECESS,chain_weighted_real_gdp,2009,4,3,2010,3,40,13.825,11.0,9.899203542165944,2010Q3,3,0.0,BEA NIPA-T10101/A191RL-Q (latest vintage),-13.825,0.019113062499999996
us,RECESS,chain_weighted_real_gdp,2009,4,4,2010,4,39,13.35897435897436,15.0,9.935283164155758,2010Q4,4,0.0,BEA NIPA-T10101/A191RL-Q (latest vintage),-13.35897435897436,0.017846219592373442
us,RECESS,chain_weighted_real_gdp,2010,1,0,2010,1,39,9.846153846153847,5.0,9.842278463045513,2010Q1,0,0.0,BEA NIPA-T10101/A191RL-Q (latest vintage),-9.846153846153847,0.009694674556213017
us,RECESS,chain_weighted_real_gdp,2010,1,1,2010,2,39,11.615384615384615,10.0,8.74075567194274,2010Q2,1,0.0,BEA NIPA-T10101/A191RL-Q (latest vintage),-11.615384615384615,0.013491715976331359
us,RECESS,chain_weighted_real_gdp,2010,1,2,2010,3,39,13.179487179487179,10.0,8.350454746116322,2010Q3,2,0.0,BEA NIPA-T10101/A191RL-Q (latest vintage),-13.179487179487179,0.01736988823142669
us,RECESS,chain_weighted_real_gdp,2010,1,3,2010,4,39,14.025641025641026,12.0,8.557813233614677,2010Q4,3,0.0,BEA NIPA-T10101/A191RL-Q (latest vintage),-14.025641025641026,0.019671860618014462
us,RECESS,chain_weighted_real_gdp,2010,1,4,2011,1,38,14.81578947368421,15.0,9.860802179851113,2011Q1,4,100.0,BEA NIPA-T10101/A191RL-Q (latest vintage),85.1842105263158,0.7256349722991691
us,RECESS,chain_weighted_real_gdp,2010,2,0,2010,2,39,7.442051282051282,5.0,9.445907824496272,2010Q2,0,0.0,BEA NIPA-T10101/A191RL-Q (latest vintage),-7.442051282051282,0.005538412728468113
us,RECESS,chain_weighted_real_gdp,2010,2,1,2010,3,39,9.808205128205127,10.0,8.383247352150683,2010Q3,1,0.0,BEA NIPA-T10101/A191RL-Q (latest vintage),-9.808205128205127,0.009620088783694936
us,RECESS,chain_weighted_real_gdp,2010,2,2,2010,4,39,12.267692307692307,10.0,8.3478943016341,2010Q4,2,0.0,BEA NIPA-T10101/A191RL-Q (latest vintage),-12.267692307692307,0.0150496274556213
us,RECESS,chain_weighted_real_gdp,2010,2,3,2011,1,39,14.066666666666666,15.0,9.017799163564575,2011Q1,3,100.0,BEA NIPA-T10101/A191RL-Q (latest vintage),85.93333333333334,0.7384537777777777
us,RECESS,chain_weighted_real_gdp,2010,2,4,2011,2,39,14.75076923076923,15.0,9.742981113173725,2011Q2,4,0.0,BEA NIPA-T10101/A191RL-Q (latest vintage),-14.75076923076923,0.021758519289940822
us,RECESS,chain_weighted_real_gdp,2010,3,0,2010,3,31,13.990967741935485,10.0,10.876757897718942,2010Q3,0,0.0,BEA NIPA-T10101/A191RL-Q (latest vintage),-13.990967741935485,0.01957471783558793
us,RECESS,chain_weighted_real_gdp,2010,3,1,2010,4,31,16.8141935483871,15.0,9.725751650196004,2010Q4,1,0.0,BEA NIPA-T10101/A191RL-Q (latest vintage),-16.8141935483871,0.028271710468262233
us,RECESS,chain_weighted_real_gdp,2010,3,2,2011,1,31,16.517419354838708,15.0,9.799901689215028,2011Q1,2,100.0,BEA NIPA-T10101/A191RL-Q (latest vintage),83.48258064516129,0.696934127117586
us,RECESS,chain_weighted_real_gdp,2010,3,3,2011,2,32,15.0375,12.5,9.330136741382905,2011Q2,3,0.0,BEA NIPA-T10101/A191RL-Q (latest vintage),-15.0375,0.022612640625000003
us,RECESS,chain_weighted_real_gdp,2010,3,4,2011,3,32,14.925,10.0,9.964420576197838,2011Q3,4,100.0,BEA NIPA-T10101/A191RL-Q (latest vintage),85.075,0.7237755625
us,RECESS,chain_weighted_real_gdp,2010,4,0,2010,4,42,10.966666666666667,8.5,13.533637707338553,2010Q4,0,0.0,BEA NIPA-T10101/A191RL-Q (latest vintage),-10.966666666666667,0.012026777777777777
us,RECESS,chain_weighted_real_gdp,2010,4,1,2011,1,42,12.883809523809523,10.0,8.806870087796328,2011Q1,1,100.0,BEA NIPA-T10101/A191RL-Q (latest vintage),87.11619047619048,0.7589230643083901
us,RECESS,chain_weighted_real_gdp,2010,4,2,2011,2,42,13.621904761904762,10.0,9.564663429901433,2011Q2,2,0.0,BEA NIPA-T10101/A191RL-Q (latest vintage),-13.621904761904762,0.018555628934240367
us,RECESS,chain_weighted_real_gdp,2010,4,3,2011,3,42,13.181904761904761,10.0,9.706206020262584,2011Q3,3,100.0,BEA NIPA-T10101/A191RL-Q (latest vintage),86.81809523809524,0.7537381660770975
us,RECESS,chain_weighted_real_gdp,2010,4,4,2011,4,42,13.763809523809522,10.0,11.005009270146239,2011Q4,4,0.0,BEA NIPA-T10101/A191RL-Q (latest vintage),-13.763809523809522,0.018944245260770973
us,RECESS,chain_weighted_real_gdp,2011,1,0,2011,1,40,6.3185,5.0,6.320033085762147,2011Q1,0,100.0,BEA NIPA-T10101/A191RL-Q (latest vintage),93.6815,0.877622344225
us,RECESS,chain_weighted_real_gdp,2011,1,1,2011,2,40,7.078999999999999,5.08,5.364020593088446,2011Q2,1,0.0,BEA NIPA-T10101/A191RL-Q (latest vintage),-7.078999999999999,0.005011224099999999
us,RECESS,chain_weighted_real_gdp,2011,1,2,2011,3,40,9.263,10.0,6.039153532128107,2011Q3,2,100.0,BEA NIPA-T10101/A191RL-Q (latest vintage),90.737,0.8233203169000001
us,RECESS,chain_weighted_real_gdp,2011,1,3,2011,4,40,10.732,10.0,6.3337222012870855,2011Q4,3,0.0,BEA NIPA-T10101/A191RL-Q (latest vintage),-10.732,0.0115175824
us,RECESS,chain_weighted_real_gdp,2011,1,4,2012,1,39,11.37948717948718,10.0,7.0856110492053395,2012Q1,4,0.0,BEA NIPA-T10101/A191RL-Q (latest vintage),-11.37948717948718,0.01294927284681131
us,RECESS,chain_weighted_real_gdp,2011,2,0,2011,2,41,6.958536585365854,5.0,7.409486338800959,2011Q2,0,0.0,BEA NIPA-T10101/A191RL-Q (latest vintage),-6.958536585365854,0.004842123140987508
us,RECESS,chain_weighted_real_gdp,2011,2,1,2011,3,41,8.474146341463415,8.0,6.132291975929455,2011Q3,1,100.0,BEA NIPA-T10101/A191RL-Q (latest vintage),91.52585365853659,0.8376981887923854
us,RECESS,chain_weighted_real_gdp,2011,2,2,2011,4,41,10.173170731707318,10.0,6.962723044551029,2011Q4,2,0.0,BEA NIPA-T10101/A191RL-Q (latest vintage),-10.173170731707318,0.01034934027364664
us,RECESS,chain_weighted_real_gdp,2011,2,3,2012,1,41,12.164878048780487,10.0,8.022728688529615,2012Q1,3,0.0,BEA NIPA-T10101/A191RL-Q (latest vintage),-12.164878048780487,0.014798425794170133
us,RECESS,chain_weighted_real_gdp,2011,2,4,2012,2,41,12.080487804878048,10.0,7.938552119630982,2012Q2,4,0.0,BEA NIPA-T10101/A191RL-Q (latest vintage),-12.080487804878048,0.014593818560380724
us,RECESS,chain_weighted_real_gdp,2011,3,0,2011,3,32,17.19875,15.0,9.051511279980426,2011Q3,0,100.0,BEA NIPA-T10101/A191RL-Q (latest vintage),82.80125,0.6856047001562501
us,RECESS,chain_weighted_real_gdp,2011,3,1,2011,4,32,20.9175,20.0,10.865321870742656,2011Q4,1,0.0,BEA NIPA-T10101/A191RL-Q (latest vintage),-20.9175,0.043754180625
us,RECESS,chain_weighted_real_gdp,2011,3,2,2012,1,32,20.765,20.0,10.339125813174205,2012Q1,2,0.0,BEA NIPA-T10101/A191RL-Q (latest vintage),-20.765,0.0431185225
us,RECESS,chain_weighted_real_gdp,2011,3,3,2012,2,32,19.3575,19.0,8.563206740317517,2012Q2,3,0.0,BEA NIPA-T10101/A191RL-Q (latest vintage),-19.3575,0.03747128062500001
us,RECESS,chain_weighted_real_gdp,2011,3,4,2012,3,32,18.9675,18.5,8.661534915751028,2012Q3,4,0.0,BEA NIPA-T10101/A191RL-Q (latest vintage),-18.9675,0.035976605625000005
us,RECESS,chain_weighted_real_gdp,2011,4,0,2011,4,44,11.819999999999999,10.0,7.981753610433888,2011Q4,0,0.0,BEA NIPA-T10101/A191RL-Q (latest vintage),-11.819999999999999,0.013971239999999996
us,RECESS,chain_weighted_real_gdp,2011,4,1,2012,1,44,16.572727272727274,17.0,8.611251796648698,2012Q1,1,0.0,BEA NIPA-T10101/A191RL-Q (latest vintage),-16.572727272727274,0.027465528925619844
us,RECESS,chain_weighted_real_gdp,2011,4,2,2012,2,44,17.272727272727273,20.0,8.65182770410764,2012Q2,2,0.0,BEA NIPA-T10101/A191RL-Q (latest vintage),-17.272727272727273,0.029834710743801653
us,RECESS,chain_weighted_real_gdp,2011,4,3,2012,3,43,17.053953488372095,15.0,8.545198077766328,2012Q3,3,0.0,BEA NIPA-T10101/A191RL-Q (latest vintage),-17.053953488372095,0.029083732958355875
us,RECESS,chain_weighted_real_gdp,2011,4,4,2012,4,43,16.98046511627907,15.0,9.196854004932332,2012Q4,4,0.0,BEA NIPA-T10101/A191RL-Q (latest vintage),-16.98046511627907,0.028833619556517035
us,RECESS,chain_weighted_real_gdp,2012,1,0,2012,1,41,9.513170731707316,10.0,5.661370169413226,2012Q1,0,0.0,BEA NIPA-T10101/A191RL-Q (latest vintage),-9.513170731707316,0.00905004173706127
us,RECESS,chain_weighted_real_gdp,2012,1,1,2012,2,41,13.41268292682927,15.0,6.707651982769471,2012Q2,1,0.0,BEA NIPA-T10101/A191RL-Q (latest vintage),-13.41268292682927,0.01799000632956574
us,RECESS,chain_weighted_real_gdp,2012,1,2,2012,3,41,14.744390243902439,15.0,7.3765025753335465,2012Q3,2,0.0,BEA NIPA-T10101/A191RL-Q (latest vintage),-14.744390243902439,0.02173970436644854
us,RECESS,chain_weighted_real_gdp,2012,1,3,2012,4,41,14.781463414634146,15.0,7.394057600862874,2012Q4,3,0.0,BEA NIPA-T10101/A191RL-Q (latest vintage),-14.781463414634146,0.021849166067816776
us,RECESS,chain_weighted_real_gdp,2012,1,4,2013,1,40,15.765,15.0,8.24706785500933,2013Q1,4,0.0,BEA NIPA-T10101/A191RL-Q (latest vintage),-15.765,0.024853522500000003
us,RECESS,chain_weighted_real_gdp,2012,2,0,2012,2,35,9.8,10.0,9.170925926695798,2012Q2,0,0.0,BEA NIPA-T10101/A191RL-Q (latest vintage),-9.8,0.009604000000000001
us,RECESS,chain_weighted_real_gdp,2012,2,1,2012,3,35,12.158857142857142,10.0,7.5662376116957,2012Q3,1,0.0,BEA NIPA-T10101/A191RL-Q (latest vintage),-12.158857142857142,0.014783780702040814
us,RECESS,chain_weighted_real_gdp,2012,2,2,2012,4,35,14.451428571428572,10.0,9.451590946955514,2012Q4,2,0.0,BEA NIPA-T10101/A191RL-Q (latest vintage),-14.451428571428572,0.020884378775510203
us,RECESS,chain_weighted_real_gdp,2012,2,3,2013,1,35,17.304,15.0,12.798592569681475,2013Q1,3,0.0,BEA NIPA-T10101/A191RL-Q (latest vintage),-17.304,0.02994284159999999
us,RECESS,chain_weighted_real_gdp,2012,2,4,2013,2,34,17.76823529411765,15.0,12.226384899083408,2013Q2,4,0.0,BEA NIPA-T10101/A191RL-Q (latest vintage),-17.76823529411765,0.031571018546712806
us,RECESS,chain_weighted_real_gdp,2012,3,0,2012,3,43,13.832558139534882,10.0,11.134496394843254,2012Q3,0,0.0,BEA NIPA-T10101/A191RL-Q (latest vintage),-13.832558139534882,0.01913396646836127
us,RECESS,chain_weighted_real_gdp,2012,3,1,2012,4,44,16.986363636363635,15.0,12.217745213305587,2012Q4,1,0.0,BEA NIPA-T10101/A191RL-Q (latest vintage),-16.986363636363635,0.028853654958677682
us,RECESS,chain_weighted_real_gdp,2012,3,2,2013,1,44,21.21909090909091,20.0,12.592963671751576,2013Q1,2,0.0,BEA NIPA-T10101/A191RL-Q (latest vintage),-21.21909090909091,0.04502498190082645
us,RECESS,chain_weighted_real_gdp,2012,3,3,2013,2,44,20.971818181818183,20.0,12.015399667737887,2013Q2,3,0.0,BEA NIPA-T10101/A191RL-Q (latest vintage),-20.971818181818183,0.04398171578512397
us,RECESS,chain_weighted_real_gdp,2012,3,4,2013,3,43,19.10418604651163,20.0,12.169442259896037,2013Q3,4,0.0,BEA NIPA-T10101/A191RL-Q (latest vintage),-19.10418604651163,0.03649699244997296
us,RECESS,chain_weighted_real_gdp,2012,4,0,2012,4,36,13.485555555555557,10.0,11.294629430320144,2012Q4,0,0.0,BEA NIPA-T10101/A191RL-Q (latest vintage),-13.485555555555557,0.018186020864197534
us,RECESS,chain_weighted_real_gdp,2012,4,1,2013,1,36,23.03666666666667,20.0,13.7509417859287,2013Q1,1,0.0,BEA NIPA-T10101/A191RL-Q (latest vintage),-23.03666666666667,0.053068801111111126
us,RECESS,chain_weighted_real_gdp,2012,4,2,2013,2,36,21.665555555555557,20.0,11.141857871351474,2013Q2,2,0.0,BEA NIPA-T10101/A191RL-Q (latest vintage),-21.665555555555557,0.04693962975308643
us,RECESS,chain_weighted_real_gdp,2012,4,3,2013,3,36,17.884444444444444,17.5,10.270769742872785,2013Q3,3,0.0,BEA NIPA-T10101/A191RL-Q (latest vintage),-17.884444444444444,0.03198533530864198
us,RECESS,chain_weighted_real_gdp,2012,4,4,2013,4,35,16.365714285714283,15.0,9.78167382696555,2013Q4,4,0.0,BEA NIPA-T10101/A191RL-Q (latest vintage),-16.365714285714283,0.026783660408163257
us,RECESS,chain_weighted_real_gdp,2013,1,0,2013,1,41,15.32,10.0,11.608117849160559,2013Q1,0,0.0,BEA NIPA-T10101/A191RL-Q (latest vintage),-15.32,0.02347024
us,RECESS,chain_weighted_real_gdp,2013,1,1,2013,2,41,17.994146341463413,16.0,9.212025015057698,2013Q2,1,0.0,BEA NIPA-T10101/A191RL-Q (latest vintage),-17.994146341463413,0.03237893025580011
us,RECESS,chain_weighted_real_gdp,2013,1,2,2013,3,41,15.213658536585365,15.0,7.686328693237611,2013Q3,2,0.0,BEA NIPA-T10101/A191RL-Q (latest vintage),-15.213658536585365,0.023145540606781673
us,RECESS,chain_weighted_real_gdp,2013,1,3,2013,4,41,13.643902439024389,10.0,8.150400259511425,2013Q4,3,0.0,BEA NIPA-T10101/A191RL-Q (latest vintage),-13.643902439024389,0.018615607376561566
us,RECESS,chain_weighted_real_gdp,2013,1,4,2014,1,41,13.15609756097561,10.0,8.851498426269075,2014Q1,4,100.0,BEA NIPA-T10101/A191RL-Q (latest vintage),86.84390243902439,0.7541863390838787
us,RECESS,chain_weighted_real_gdp,2013,2,0,2013,2,38,14.590526315789475,15.0,8.91045876434994,2013Q2,0,0.0,BEA NIPA-T10101/A191RL-Q (latest vintage),-14.590526315789475,0.021288345817174523
us,RECESS,chain_weighted_real_gdp,2013,2,1,2013,3,38,14.319473684210527,13.5,7.9841416967902,2013Q3,1,0.0,BEA NIPA-T10101/A191RL-Q (latest vintage),-14.319473684210527,0.020504732659279778
us,RECESS,chain_weighted_real_gdp,2013,2,2,2013,4,38,13.09578947368421,14.82,7.6658966195421545,2013Q4,2,0.0,BEA NIPA-T10101/A191RL-Q (latest vintage),-13.09578947368421,0.01714997019390582
us,RECESS,chain_weighted_real_gdp,2013,2,3,2014,1,37,13.397297297297296,10.0,7.853961720986086,2014Q1,3,100.0,BEA NIPA-T10101/A191RL-Q (latest vintage),86.6027027027027,0.750002811541271
us,RECESS,chain_weighted_real_gdp,2013,2,4,2014,2,36,12.456666666666667,10.0,8.3688640635564,2014Q2,4,0.0,BEA NIPA-T10101/A191RL-Q (latest vintage),-12.456666666666667,0.015516854444444447
us,RECESS,chain_weighted_real_gdp,2013,3,0,2013,3,37,10.493232432432432,10.0,6.926165103674859,2013Q3,0,0.0,BEA NIPA-T10101/A191RL-Q (latest vintage),-10.493232432432432,0.011010792688105186
us,RECESS,chain_weighted_real_gdp,2013,3,1,2013,4,37,11.206413513513514,10.0,6.535541610989787,2013Q4,1,0.0,BEA NIPA-T10101/A191RL-Q (latest vintage),-11.206413513513514,0.012558370383585829
us,RECESS,chain_weighted_real_gdp,2013,3,2,2014,1,37,11.657705405405403,10.0,6.763877547512799,2014Q1,2,100.0,BEA NIPA-T10101/A191RL-Q (latest vintage),88.34229459459459,0.7804361014238137
us,RECESS,chain_weighted_real_gdp,2013,3,3,2014,2,37,11.50541081081081,10.0,6.620624602951992,2014Q2,3,0.0,BEA NIPA-T10101/A191RL-Q (latest vintage),-11.50541081081081,0.013237447792552225
us,RECESS,chain_weighted_real_gdp,2013,3,4,2014,3,35,11.785657142857143,10.0,7.360608838080373,2014Q3,4,0.0,BEA NIPA-T10101/A191RL-Q (latest vintage),-11.785657142857143,0.01389017142889796
us,RECESS,chain_weighted_real_gdp,2013,4,0,2013,4,40,11.273,10.0,9.213737291229595,2013Q4,0,0.0,BEA NIPA-T10101/A191RL-Q (latest vintage),-11.273,0.012708052899999999
us,RECESS,chain_weighted_real_gdp,2013,4,1,2014,1,40,11.116249999999999,10.0,7.0557282375059245,2014Q1,1,100.0,BEA NIPA-T10101/A191RL-Q (latest vintage),88.88375,0.7900321014062499
us,RECESS,chain_weighted_real_gdp,2013,4,2,2014,2,40,11.61775,10.0,6.872866564083163,2014Q2,2,0.0,BEA NIPA-T10101/A191RL-Q (latest vintage),-11.61775,0.013497211506249997
us,RECESS,chain_weighted_real_gdp,2013,4,3,2014,3,39,11.725128205128206,10.0,7.421086199328758,2014Q3,3,0.0,BEA NIPA-T10101/A191RL-Q (latest vintage),-11.725128205128206,0.013747863142669299
us,RECESS,chain_weighted_real_gdp,2013,4,4,2014,4,38,12.205526315789474,10.0,8.510619978486154,2014Q4,4,0.0,BEA NIPA-T10101/A191RL-Q (latest vintage),-12.205526315789474,0.014897487264542935
us,RECESS,chain_weighted_real_gdp,2014,1,0,2014,1,41,11.170243902439024,10.0,10.943258309983566,2014Q1,0,100.0,BEA NIPA-T10101/A191RL-Q (latest vintage),88.82975609756097,0.7890725568352172
us,RECESS,chain_weighted_real_gdp,2014,1,1,2014,2,41,9.296097560975609,7.84,7.3570391048467245,2014Q2,1,0.0,BEA NIPA-T10101/A191RL-Q (latest vintage),-9.296097560975609,0.008641742986317666
us,RECESS,chain_weighted_real_gdp,2014,1,2,2014,3,41,10.549268292682926,8.0,7.475875998919427,2014Q3,2,0.0,BEA NIPA-T10101/A191RL-Q (latest vintage),-10.549268292682926,0.011128706151100535
us,RECESS,chain_weighted_real_gdp,2014,1,3,2014,4,41,11.372195121951219,8.9,8.1809838993226,2014Q4,3,0.0,BEA NIPA-T10101/A191RL-Q (latest vintage),-11.372195121951219,0.01293268218917311
us,RECESS,chain_weighted_real_gdp,2014,1,4,2015,1,41,11.710731707317073,8.0,8.806334194840638,2015Q1,4,0.0,BEA NIPA-T10101/A191RL-Q (latest vintage),-11.710731707317073,0.013714123712076146
us,RECESS,chain_weighted_real_gdp,2014,2,0,2014,2,36,8.316655555555554,5.0,5.848910573746409,2014Q2,0,0.0,BEA NIPA-T10101/A191RL-Q (latest vintage),-8.316655555555554,0.006916675962975308
us,RECESS,chain_weighted_real_gdp,2014,2,1,2014,3,36,10.063863888888887,10.0,5.958044030295885,2014Q3,1,0.0,BEA NIPA-T10101/A191RL-Q (latest vintage),-10.063863888888887,0.010128135637408175
us,RECESS,chain_weighted_real_gdp,2014,2,2,2014,4,36,10.838047222222222,10.0,6.353358240916423,2014Q4,2,0.0,BEA NIPA-T10101/A191RL-Q (latest vintage),-10.838047222222222,0.011746326759111882
us,RECESS,chain_weighted_real_gdp,2014,2,3,2015,1,36,12.2145,11.5,6.628939227788583,2015Q1,3,0.0,BEA NIPA-T10101/A191RL-Q (latest vintage),-12.2145,0.014919401024999997
us,RECESS,chain_weighted_real_gdp,2014,2,4,2015,2,36,12.812352777777777,12.0,7.784744995933158,2015Q2,4,0.0,BEA NIPA-T10101/A191RL-Q (latest vintage),-12.812352777777777,0.016415638370222994
us,RECESS,chain_weighted_real_gdp,2014,3,0,2014,3,40,7.6315,5.0,6.683964565113456,2014Q3,0,0.0,BEA NIPA-T10101/A191RL-Q (latest vintage),-7.6315,0.0058239792249999995
us,RECESS,chain_weighted_real_gdp,2014,3,1,2014,4,40,9.741499999999998,9.5,6.034436880234846,2014Q4,1,0.0,BEA NIPA-T10101/A191RL-Q (latest vintage),-9.741499999999998,0.009489682224999997
us,RECESS,chain_weighted_real_gdp,2014,3,2,2015,1,40,11.285499999999999,10.0,6.33494984093635,2015Q1,2,0.0,BEA NIPA-T10101/A191RL-Q (latest vintage),-11.285499999999999,0.012736251024999996
us,RECESS,chain_weighted_real_gdp,2014,3,3,2015,2,40,11.866,10.0,7.3777686849907935,2015Q2,3,0.0,BEA NIPA-T10101/A191RL-Q (latest vintage),-11.866,0.0140801956
us,RECESS,chain_weighted_real_gdp,2014,3,4,2015,3,40,13.470479999999998,14.0,7.909383053874876,2015Q3,4,0.0,BEA NIPA-T10101/A191RL-Q (latest vintage),-13.470479999999998,0.018145383143039998
us,RECESS,chain_weighted_real_gdp,2014,4,0,2014,4,37,8.116216216216214,7.6,5.885741410557547,2014Q4,0,0.0,BEA NIPA-T10101/A191RL-Q (latest vintage),-8.116216216216214,0.006587296566837104
us,RECESS,chain_weighted_real_gdp,2014,4,1,2015,1,37,10.322162162162163,10.0,6.147795962391335,2015Q1,1,0.0,BEA NIPA-T10101/A191RL-Q (latest vintage),-10.322162162162163,0.010654703170197226
us,RECESS,chain_weighted_real_gdp,2014,4,2,2015,2,37,11.390000000000002,10.0,7.260481312481212,2015Q2,2,0.0,BEA NIPA-T10101/A191RL-Q (latest vintage),-11.390000000000002,0.012973210000000006
us,RECESS,chain_weighted_real_gdp,2014,4,3,2015,3,36,12.590555555555556,10.0,8.061025083500573,2015Q3,3,0.0,BEA NIPA-T10101/A191RL-Q (latest vintage),-12.590555555555556,0.015852208919753086
us,RECESS,chain_weighted_real_gdp,2014,4,4,2015,4,36,13.507777777777777,11.0,8.347393472083233,2015Q4,4,0.0,BEA NIPA-T10101/A191RL-Q (latest vintage),-13.507777777777777,0.018246006049382715
us,RECESS,chain_weighted_real_gdp,2015,1,0,2015,1,33,7.900000000000001,6.0,4.787614228402284,2015Q1,0,0.0,BEA NIPA-T10101/A191RL-Q (latest vintage),-7.900000000000001,0.006241000000000003
us,RECESS,chain_weighted_real_gdp,2015,1,1,2015,2,33,9.301515151515153,10.0,4.678749913980845,2015Q2,1,0.0,BEA NIPA-T10101/A191RL-Q (latest vintage),-9.301515151515153,0.008651818411386595
us,RECESS,chain_weighted_real_gdp,2015,1,2,2015,3,33,11.137575757575757,10.0,5.37136797653949,2015Q3,2,0.0,BEA NIPA-T10101/A191RL-Q (latest vintage),-11.137575757575757,0.01240455937557392
us,RECESS,chain_weighted_real_gdp,2015,1,3,2015,4,33,11.845454545454544,10.0,5.850592433094431,2015Q4,3,0.0,BEA NIPA-T10101/A191RL-Q (latest vintage),-11.845454545454544,0.01403147933884297
us,RECESS,chain_weighted_real_gdp,2015,1,4,2016,1,33,13.201818181818181,12.0,6.679416822665665,2016Q1,4,0.0,BEA NIPA-T10101/A191RL-Q (latest vintage),-13.201818181818181,0.01742880033057851
us,RECESS,chain_weighted_real_gdp,2015,2,0,2015,2,37,11.24108108108108,10.0,8.60293224681232,2015Q2,0,0.0,BEA NIPA-T10101/A191RL-Q (latest vintage),-11.24108108108108,0.0126361903871439
us,RECESS,chain_weighted_real_gdp,2015,2,1,2015,3,38,11.02736842105263,10.0,6.41286615696008,2015Q3,1,0.0,BEA NIPA-T10101/A191RL-Q (latest vintage),-11.02736842105263,0.012160285429362878
us,RECESS,chain_weighted_real_gdp,2015,2,2,2015,4,38,11.992368421052632,10.0,6.642653098342692,2015Q4,2,0.0,BEA NIPA-T10101/A191RL-Q (latest vintage),-11.992368421052632,0.01438169003462604
us,RECESS,chain_weighted_real_gdp,2015,2,3,2016,1,38,14.821578947368423,15.0,7.051339733280435,2016Q1,3,0.0,BEA NIPA-T10101/A191RL-Q (latest vintage),-14.821578947368423,0.021967920249307483
us,RECESS,chain_weighted_real_gdp,2015,2,4,2016,2,38,15.188684210526318,12.5,10.089686511363066,2016Q2,4,0.0,BEA NIPA-T10101/A191RL-Q (latest vintage),-15.188684210526318,0.02306961280470915
us,RECESS,chain_weighted_real_gdp,2015,3,0,2015,3,37,7.476864864864865,8.0,4.931474346605814,2015Q3,0,0.0,BEA NIPA-T10101/A191RL-Q (latest vintage),-7.476864864864865,0.005590350820745071
us,RECESS,chain_weighted_real_gdp,2015,3,1,2015,4,37,10.037021621621621,10.0,6.343452809837134,2015Q4,1,0.0,BEA NIPA-T10101/A191RL-Q (latest vintage),-10.037021621621621,0.01007418030328999
us,RECESS,chain_weighted_real_gdp,2015,3,2,2016,1,37,13.677183783783784,12.0,6.684759889709059,2016Q1,2,0.0,BEA NIPA-T10101/A191RL-Q (latest vintage),-13.677183783783784,0.01870653562553981
us,RECESS,chain_weighted_real_gdp,2015,3,3,2016,2,37,12.96262972972973,13.0,6.963783413365055,2016Q2,3,0.0,BEA NIPA-T10101/A191RL-Q (latest vintage),-12.96262972972973,0.016802976951007305
us,RECESS,chain_weighted_real_gdp,2015,3,4,2016,3,37,13.560324324324325,13.0,7.21101653357191,2016Q3,4,0.0,BEA NIPA-T10101/A191RL-Q (latest vintage),-13.560324324324325,0.018388239578086194
us,RECESS,chain_weighted_real_gdp,2015,4,0,2015,4,38,7.728947368421053,5.0,4.603093430758297,2015Q4,0,0.0,BEA NIPA-T10101/A191RL-Q (latest vintage),-7.728947368421053,0.0059736627423822705
us,RECESS,chain_weighted_real_gdp,2015,4,1,2016,1,38,13.0,13.5,5.279279230083326,2016Q1,1,0.0,BEA NIPA-T10101/A191RL-Q (latest vintage),-13.0,0.016900000000000002
us,RECESS,chain_weighted_real_gdp,2015,4,2,2016,2,38,12.564473684210528,10.0,6.09799111687209,2016Q2,2,0.0,BEA NIPA-T10101/A191RL-Q (latest vintage),-12.564473684210528,0.015786599896121887
us,RECESS,chain_weighted_real_gdp,2015,4,3,2016,3,38,13.73,14.23,6.647087962286822,2016Q3,3,0.0,BEA NIPA-T10101/A191RL-Q (latest vintage),-13.73,0.018851290000000003
us,RECESS,chain_weighted_real_gdp,2015,4,4,2016,4,38,14.656578947368422,15.0,7.81993235483143,2016Q4,4,0.0,BEA NIPA-T10101/A191RL-Q (latest vintage),-14.656578947368422,0.02148153064404432
us,RECESS,chain_weighted_real_gdp,2016,1,0,2016,1,37,14.381621621621623,12.0,7.758290731538428,2016Q1,0,0.0,BEA NIPA-T10101/A191RL-Q (latest vintage),-14.381621621621623,0.02068310404674946
us,RECESS,chain_weighted_real_gdp,2016,1,1,2016,2,37,14.68675675675676,12.0,7.817261545968517,2016Q2,1,0.0,BEA NIPA-T10101/A191RL-Q (latest vintage),-14.68675675675676,0.02157008240321403
us,RECESS,chain_weighted_real_gdp,2016,1,2,2016,3,37,15.790810810810811,15.0,8.048934497593242,2016Q3,2,0.0,BEA NIPA-T10101/A191RL-Q (latest vintage),-15.790810810810811,0.024934970606281956
us,RECESS,chain_weighted_real_gdp,2016,1,3,2016,4,37,17.0372972972973,15.0,8.831456608387194,2016Q4,3,0.0,BEA NIPA-T10101/A191RL-Q (latest vintage),-17.0372972972973,0.029026949919649384
us,RECESS,chain_weighted_real_gdp,2016,1,4,2017,1,37,18.763783783783783,16.0,10.021736196707455,2017Q1,4,0.0,BEA NIPA-T10101/A191RL-Q (latest vintage),-18.763783783783783,0.035207958188458725
us,RECESS,chain_weighted_real_gdp,2016,2,0,2016,2,38,12.52,10.0,7.8563701129307395,2016Q2,0,0.0,BEA NIPA-T10101/A191RL-Q (latest vintage),-12.52,0.01567504
us,RECESS,chain_weighted_real_gdp,2016,2,1,2016,3,38,14.62763157894737,14.0,8.004894257690957,2016Q3,1,0.0,BEA NIPA-T10101/A191RL-Q (latest vintage),-14.62763157894737,0.021396760560941832
us,RECESS,chain_weighted_real_gdp,2016,2,2,2016,4,38,15.899473684210529,15.0,7.122757569311246,2016Q4,2,0.0,BEA NIPA-T10101/A191RL-Q (latest vintage),-15.899473684210529,0.025279326343490317
us,RECESS,chain_weighted_real_gdp,2016,2,3,2017,1,38,17.397368421052633,15.32,7.029630217567107,2017Q1,3,0.0,BEA NIPA-T10101/A191RL-Q (latest vintage),-17.397368421052633,0.030266842797783942
us,RECESS,chain_weighted_real_gdp,2016,2,4,2017,2,38,18.463684210526317,20.0,7.6432395215686055,2017Q2,4,0.0,BEA NIPA-T10101/A191RL-Q (latest vintage),-18.463684210526317,0.03409076346260389
us,RECESS,chain_weighted_real_gdp,2016,3,0,2016,3,34,10.578823529411764,10.0,6.361606317402186,2016Q3,0,0.0,BEA NIPA-T10101/A191RL-Q (latest vintage),-10.578823529411764,0.011191150726643598
us,RECESS,chain_weighted_real_gdp,2016,3,1,2016,4,34,15.64235294117647,15.0,8.585958607225583,2016Q4,1,0.0,BEA NIPA-T10101/A191RL-Q (latest vintage),-15.64235294117647,0.02446832055363322
us,RECESS,chain_weighted_real_gdp,2016,3,2,2017,1,34,18.520000000000003,18.5,8.060733104489827,2017Q1,2,0.0,BEA NIPA-T10101/A191RL-Q (latest vintage),-18.520000000000003,0.03429904000000001
us,RECESS,chain_weighted_real_gdp,2016,3,3,2017,2,33,19.02909090909091,20.0,9.413045589644579,2017Q2,3,0.0,BEA NIPA-T10101/A191RL-Q (latest vintage),-19.02909090909091,0.03621063008264464
us,RECESS,chain_weighted_real_gdp,2016,3,4,2017,3,33,20.983030303030304,20.0,10.294513248828379,2017Q3,4,0.0,BEA NIPA-T10101/A191RL-Q (latest vintage),-20.983030303030304,0.044028756069788795
us,RECESS,chain_weighted_real_gdp,2016,4,0,2016,4,36,9.882222222222222,10.0,6.488121502786507,2016Q4,0,0.0,BEA NIPA-T10101/A191RL-Q (latest vintage),-9.882222222222222,0.00976583160493827
us,RECESS,chain_weighted_real_gdp,2016,4,1,2017,1,36,13.953611111111112,14.5,7.344843537292104,2017Q1,1,0.0,BEA NIPA-T10101/A191RL-Q (latest vintage),-13.953611111111112,0.019470326304012346
us,RECESS,chain_weighted_real_gdp,2016,4,2,2017,2,35,14.990285714285713,15.0,7.916862675444658,2017Q2,2,0.0,BEA NIPA-T10101/A191RL-Q (latest vintage),-14.990285714285713,0.022470866579591835
us,RECESS,chain_weighted_real_gdp,2016,4,3,2017,3,35,16.525142857142857,15.0,8.125714220709382,2017Q3,3,0.0,BEA NIPA-T10101/A191RL-Q (latest vintage),-16.525142857142857,0.02730803464489796
us,RECESS,chain_weighted_real_gdp,2016,4,4,2017,4,36,18.84722222222222,20.0,8.765146763048396,2017Q4,4,0.0,BEA NIPA-T10101/A191RL-Q (latest vintage),-18.84722222222222,0.03552177854938271
us,RECESS,chain_weighted_real_gdp,2017,1,0,2017,1,37,7.681351351351353,6.73,4.5373953383473715,2017Q1,0,0.0,BEA NIPA-T10101/A191RL-Q (latest vintage),-7.681351351351353,0.005900315858290725
us,RECESS,chain_weighted_real_gdp,2017,1,1,2017,2,37,11.205675675675677,10.0,6.421928812254903,2017Q2,1,0.0,BEA NIPA-T10101/A191RL-Q (latest vintage),-11.205675675675677,0.012556716734842953
us,RECESS,chain_weighted_real_gdp,2017,1,2,2017,3,37,14.607027027027028,15.0,6.907439172074982,2017Q3,2,0.0,BEA NIPA-T10101/A191RL-Q (latest vintage),-14.607027027027028,0.021336523856829805
us,RECESS,chain_weighted_real_gdp,2017,1,3,2017,4,37,16.146486486486488,15.0,7.445914695028788,2017Q4,3,0.0,BEA NIPA-T10101/A191RL-Q (latest vintage),-16.146486486486488,0.02607090258582908
us,RECESS,chain_weighted_real_gdp,2017,1,4,2018,1,37,17.73135135135135,15.0,7.792983369017913,2018Q1,4,0.0,BEA NIPA-T10101/A191RL-Q (latest vintage),-17.73135135135135,0.03144008207450693
us,RECESS,chain_weighted_real_gdp,2017,2,0,2017,2,31,8.43,5.0,5.4816086446711365,2017Q2,0,0.0,BEA NIPA-T10101/A191RL-Q (latest vintage),-8.43,0.00710649
us,RECESS,chain_weighted_real_gdp,2017,2,1,2017,3,31,10.920322580645163,10.0,6.559664871455435,2017Q3,1,0.0,BEA NIPA-T10101/A191RL-Q (latest vintage),-10.920322580645163,0.011925344526534864
us,RECESS,chain_weighted_real_gdp,2017,2,2,2017,4,31,14.009354838709676,15.0,7.65383517612091,2017Q4,2,0.0,BEA NIPA-T10101/A191RL-Q (latest vintage),-14.009354838709676,0.01962620229968782
us,RECESS,chain_weighted_real_gdp,2017,2,3,2018,1,31,17.047096774193548,16.0,6.906523579702689,2018Q1,3,0.0,BEA NIPA-T10101/A191RL-Q (latest vintage),-17.047096774193548,0.02906035084287201
us,RECESS,chain_weighted_real_gdp,2017,2,4,2018,2,31,17.159354838709678,15.0,7.134645020594401,2018Q2,4,0.0,BEA NIPA-T10101/A191RL-Q (latest vintage),-17.159354838709678,0.029444345848074926
us,RECESS,chain_weighted_real_gdp,2017,3,0,2017,3,35,6.739714285714285,5.0,5.428918474090335,2017Q3,0,0.0,BEA NIPA-T10101/A191RL-Q (latest vintage),-6.739714285714285,0.004542374865306121
us,RECESS,chain_weighted_real_gdp,2017,3,1,2017,4,35,10.459714285714284,10.0,6.792906544898957,2017Q4,1,0.0,BEA NIPA-T10101/A191RL-Q (latest vintage),-10.459714285714284,0.010940562293877548
us,RECESS,chain_weighted_real_gdp,2017,3,2,2018,1,35,14.244,15.0,6.876486448932546,2018Q1,2,0.0,BEA NIPA-T10101/A191RL-Q (latest vintage),-14.244,0.020289153600000002
us,RECESS,chain_weighted_real_gdp,2017,3,3,2018,2,35,15.94485714285714,15.0,6.970798912534459,2018Q2,3,0.0,BEA NIPA-T10101/A191RL-Q (latest vintage),-15.94485714285714,0.02542384693061224
us,RECESS,chain_weighted_real_gdp,2017,3,4,2018,3,35,18.124285714285715,20.0,7.794057044318064,2018Q3,4,0.0,BEA NIPA-T10101/A191RL-Q (latest vintage),-18.124285714285715,0.03284897326530613
us,RECESS,chain_weighted_real_gdp,2017,4,0,2017,4,32,6.2946875,5.0,5.0220597139183125,2017Q4,0,0.0,BEA NIPA-T10101/A191RL-Q (latest vintage),-6.2946875,0.003962309072265625
us,RECESS,chain_weighted_real_gdp,2017,4,1,2018,1,32,10.443125,10.0,5.124164408671601,2018Q1,1,0.0,BEA NIPA-T10101/A191RL-Q (latest vintage),-10.443125,0.0109058859765625
us,RECESS,chain_weighted_real_gdp,2017,4,2,2018,2,33,12.636666666666667,12.0,6.521770592919277,2018Q2,2,0.0,BEA NIPA-T10101/A191RL-Q (latest vintage),-12.636666666666667,0.015968534444444443
us,RECESS,chain_weighted_real_gdp,2017,4,3,2018,3,33,14.691818181818181,15.0,6.347460838076048,2018Q3,3,0.0,BEA NIPA-T10101/A191RL-Q (latest vintage),-14.691818181818181,0.021584952148760328
us,RECESS,chain_weighted_real_gdp,2017,4,4,2018,4,32,17.048046875,15.0,6.649775727917659,2018Q4,4,0.0,BEA NIPA-T10101/A191RL-Q (latest vintage),-17.048046875,0.02906359022521973
us,RECESS,chain_weighted_real_gdp,2018,1,0,2018,1,30,5.8053333333333335,5.0,5.106198892173784,2018Q1,0,0.0,BEA NIPA-T10101/A191RL-Q (latest vintage),-5.8053333333333335,0.003370189511111111
us,RECESS,chain_weighted_real_gdp,2018,1,1,2018,2,30,9.081999999999999,10.0,5.181511828374631,2018Q2,1,0.0,BEA NIPA-T10101/A191RL-Q (latest vintage),-9.081999999999999,0.008248272399999998
us,RECESS,chain_weighted_real_gdp,2018,1,2,2018,3,30,11.428333333333333,10.0,5.322754072802935,2018Q3,2,0.0,BEA NIPA-T10101/A191RL-Q (latest vintage),-11.428333333333333,0.013060680277777778
us,RECESS,chain_weighted_real_gdp,2018,1,3,2018,4,31,13.597983870967743,14.0,5.371200301118102,2018Q4,3,0.0,BEA NIPA-T10101/A191RL-Q (latest vintage),-13.597983870967743,0.018490516535509892
us,RECESS,chain_weighted_real_gdp,2018,1,4,2019,1,31,16.779354838709676,15.0,5.199885854826604,2019Q1,4,0.0,BEA NIPA-T10101/A191RL-Q (latest vintage),-16.779354838709676,0.02815467488033298
us,RECESS,chain_weighted_real_gdp,2018,2,0,2018,2,30,5.333333333333333,5.0,4.339738855430513,2018Q2,0,0.0,BEA NIPA-T10101/A191RL-Q (latest vintage),-5.333333333333333,0.002844444444444444
us,RECESS,chain_weighted_real_gdp,2018,2,1,2018,3,30,8.591333333333333,10.0,4.911974624592809,2018Q3,1,0.0,BEA NIPA-T10101/A191RL-Q (latest vintage),-8.591333333333333,0.007381100844444444
us,RECESS,chain_weighted_real_gdp,2018,2,2,2018,4,30,11.075333333333335,10.0,6.104722159417099,2018Q4,2,0.0,BEA NIPA-T10101/A191RL-Q (latest vintage),-11.075333333333335,0.012266300844444446
us,RECESS,chain_weighted_real_gdp,2018,2,3,2019,1,30,14.409333333333334,15.0,5.063404152267069,2019Q1,3,0.0,BEA NIPA-T10101/A191RL-Q (latest vintage),-14.409333333333334,0.020762888711111115
us,RECESS,chain_weighted_real_gdp,2018,2,4,2019,2,30,15.643333333333334,15.0,6.647357957571711,2019Q2,4,0.0,BEA NIPA-T10101/A191RL-Q (latest vintage),-15.643333333333334,0.02447138777777778
us,RECESS,chain_weighted_real_gdp,2018,3,0,2018,3,30,6.553333333333333,5.0,5.499262228469494,2018Q3,0,0.0,BEA NIPA-T10101/A191RL-Q (latest vintage),-6.553333333333333,0.004294617777777778
us,RECESS,chain_weighted_real_gdp,2018,3,1,2018,4,31,10.530967741935486,10.0,5.898247962934253,2018Q4,1,0.0,BEA NIPA-T10101/A191RL-Q (latest vintage),-10.530967741935486,0.011090128158168578
us,RECESS,chain_weighted_real_gdp,2018,3,2,2019,1,32,13.2325,14.32,6.275707902493499,2019Q1,2,0.0,BEA NIPA-T10101/A191RL-Q (latest vintage),-13.2325,0.017509905625
us,RECESS,chain_weighted_real_gdp,2018,3,3,2019,2,32,16.4075,15.0,5.857776193700461,2019Q2,3,0.0,BEA NIPA-T10101/A191RL-Q (latest vintage),-16.4075,0.026920605625
us,RECESS,chain_weighted_real_gdp,2018,3,4,2019,3,31,19.629032258064516,20.0,7.089672937843564,2019Q3,4,0.0,BEA NIPA-T10101/A191RL-Q (latest vintage),-19.629032258064516,0.03852989073881374
us,RECESS,chain_weighted_real_gdp,2018,4,0,2018,4,31,5.6574193548387095,5.0,4.437004220373574,2018Q4,0,0.0,BEA NIPA-T10101/A191RL-Q (latest vintage),-5.6574193548387095,0.003200639375650364
us,RECESS,chain_weighted_real_gdp,2018,4,1,2019,1,31,10.603870967741937,10.0,5.221793866363905,2019Q1,1,0.0,BEA NIPA-T10101/A191RL-Q (latest vintage),-10.603870967741937,0.011244207950052031
us,RECESS,chain_weighted_real_gdp,2018,4,2,2019,2,31,13.624516129032257,15.0,6.350472338710813,2019Q2,2,0.0,BEA NIPA-T10101/A191RL-Q (latest vintage),-13.624516129032257,0.018562743975026014
us,RECESS,chain_weighted_real_gdp,2018,4,3,2019,3,31,19.090967741935486,20.0,7.16491421434512,2019Q3,3,0.0,BEA NIPA-T10101/A191RL-Q (latest vintage),-19.090967741935486,0.03644650493236213
us,RECESS,chain_weighted_real_gdp,2018,4,4,2019,4,31,22.789677419354838,20.0,8.814085501389606,2019Q4,4,0.0,BEA NIPA-T10101/A191RL-Q (latest vintage),-22.789677419354838,0.05193693968782517
us,RECESS,chain_weighted_real_gdp,2019,1,0,2019,1,34,16.698235294117648,15.0,12.691303983099761,2019Q1,0,0.0,BEA NIPA-T10101/A191RL-Q (latest vintage),-16.698235294117648,0.027883106193771625
us,RECESS,chain_weighted_real_gdp,2019,1,1,2019,2,34,11.24470588235294,10.0,5.757320628553212,2019Q2,1,0.0,BEA NIPA-T10101/A191RL-Q (latest vintage),-11.24470588235294,0.01264434103806228
us,RECESS,chain_weighted_real_gdp,2019,1,2,2019,3,34,14.450588235294118,15.0,5.037818756695396,2019Q3,2,0.0,BEA NIPA-T10101/A191RL-Q (latest vintage),-14.450588235294118,0.020881950034602078
us,RECESS,chain_weighted_real_gdp,2019,1,3,2019,4,34,17.931176470588237,20.0,6.912129332362667,2019Q4,3,0.0,BEA NIPA-T10101/A191RL-Q (latest vintage),-17.931176470588237,0.03215270896193772
us,RECESS,chain_weighted_real_gdp,2019,1,4,2020,1,34,21.898235294117647,20.0,8.362128723682975,2020Q1,4,100.0,BEA NIPA-T10101/A191RL-Q (latest vintage),78.10176470588235,0.6099885650173009
us,RECESS,chain_weighted_real_gdp,2019,2,0,2019,2,33,11.895151515151515,10.0,12.794912104331775,2019Q2,0,0.0,BEA NIPA-T10101/A191RL-Q (latest vintage),-11.895151515151515,0.014149462956841136
us,RECESS,chain_weighted_real_gdp,2019,2,1,2019,3,33,13.135151515151515,10.0,7.49229776220725,2019Q3,1,0.0,BEA NIPA-T10101/A191RL-Q (latest vintage),-13.135151515151515,0.01725322053259871
us,RECESS,chain_weighted_real_gdp,2019,2,2,2019,4,34,15.847647058823528,15.0,7.43324883447972,2019Q4,2,0.0,BEA NIPA-T10101/A191RL-Q (latest vintage),-15.847647058823528,0.0251147917301038
us,RECESS,chain_weighted_real_gdp,2019,2,3,2020,1,34,19.442941176470587,20.0,8.131876867634823,2020Q1,3,100.0,BEA NIPA-T10101/A191RL-Q (latest vintage),80.55705882352942,0.6489439726297578
us,RECESS,chain_weighted_real_gdp,2019,2,4,2020,2,34,22.791176470588237,22.5,9.735233344452755,2020Q2,4,100.0,BEA NIPA-T10101/A191RL-Q (latest vintage),77.20882352941176,0.5961202430795848
us,RECESS,chain_weighted_real_gdp,2019,3,0,2019,3,30,11.712,10.0,11.587914750974917,2019Q3,0,0.0,BEA NIPA-T10101/A191RL-Q (latest vintage),-11.712,0.013717094400000001
us,RECESS,chain_weighted_real_gdp,2019,3,1,2019,4,30,14.247999999999998,13.5,7.171486836652206,2019Q4,1,0.0,BEA NIPA-T10101/A191RL-Q (latest vintage),-14.247999999999998,0.020300550399999992
us,RECESS,chain_weighted_real_gdp,2019,3,2,2020,1,30,17.592666666666666,20.0,6.923061876592354,2020Q1,2,100.0,BEA NIPA-T10101/A191RL-Q (latest vintage),82.40733333333333,0.6790968587111111
us,RECESS,chain_weighted_real_gdp,2019,3,3,2020,2,30,21.491333333333333,20.0,8.46492427541474,2020Q2,3,100.0,BEA NIPA-T10101/A191RL-Q (latest vintage),78.50866666666667,0.6163610741777779
us,RECESS,chain_weighted_real_gdp,2019,3,4,2020,3,30,26.090666666666667,25.0,11.483913466486376,2020Q3,4,0.0,BEA NIPA-T10101/A191RL-Q (latest vintage),-26.090666666666667,0.06807228871111111
us,RECESS,chain_weighted_real_gdp,2019,4,0,2019,4,31,12.84258064516129,10.0,9.184578004365772,2019Q4,0,0.0,BEA NIPA-T10101/A191RL-Q (latest vintage),-12.84258064516129,0.016493187762747136
us,RECESS,chain_weighted_real_gdp,2019,4,1,2020,1,31,18.139354838709675,15.0,10.00391321283289,2020Q1,1,100.0,BEA NIPA-T10101/A191RL-Q (latest vintage),81.86064516129032,0.6701165226222685
us,RECESS,chain_weighted_real_gdp,2019,4,2,2020,2,31,20.776774193548384,20.0,10.09518313754858,2020Q2,2,100.0,BEA NIPA-T10101/A191RL-Q (latest vintage),79.22322580645161,0.627631950718002
us,RECESS,chain_weighted_real_gdp,2019,4,3,2020,3,31,22.559354838709677,25.0,10.424420666711368,2020Q3,3,0.0,BEA NIPA-T10101/A191RL-Q (latest vintage),-22.559354838709677,0.05089244907388137
us,RECESS,chain_weighted_real_gdp,2019,4,4,2020,4,31,25.12451612903226,25.0,12.274085122378688,2020Q4,4,0.0,BEA NIPA-T10101/A191RL-Q (latest vintage),-25.12451612903226,0.06312413107180022
us,RECESS,chain_weighted_real_gdp,2020,1,0,2020,1,29,12.535172413793102,10.0,9.87745724244629,2020Q1,0,100.0,BEA NIPA-T10101/A191RL-Q (latest vintage),87.4648275862069,0.7650096064684898
us,RECESS,chain_weighted_real_gdp,2020,1,1,2020,2,29,14.878620689655174,14.6,9.411594568152145,2020Q2,1,100.0,BEA NIPA-T10101/A191RL-Q (latest vintage),85.12137931034482,0.72456492156956
us,RECESS,chain_weighted_real_gdp,2020,1,2,2020,3,29,18.360689655172415,19.0,9.03630531761203,2020Q3,2,0.0,BEA NIPA-T10101/A191RL-Q (latest vintage),-18.360689655172415,0.03371149246135554
us,RECESS,chain_weighted_real_gdp,2020,1,3,2020,4,29,21.279310344827586,21.0,9.494260646394478,2020Q4,3,0.0,BEA NIPA-T10101/A191RL-Q (latest vintage),-21.279310344827586,0.045280904875148624
us,RECESS,chain_weighted_real_gdp,2020,1,4,2021,1,29,25.681379310344827,25.0,9.351122058012201,2021Q1,4,0.0,BEA NIPA-T10101/A191RL-Q (latest vintage),-25.681379310344827,0.06595332432818073
us,RECESS,chain_weighted_real_gdp,2020,2,0,2020,2,35,98.11428285714285,100.0,8.23825809688395,2020Q2,0,100.0,BEA NIPA-T10101/A191RL-Q (latest vintage),1.8857171428571462,0.00035559291428653185
us,RECESS,chain_weighted_real_gdp,2020,2,1,2020,3,35,43.77142857142857,40.0,28.58741569527497,2020Q3,1,0.0,BEA NIPA-T10101/A191RL-Q (latest vintage),-43.77142857142857,0.19159379591836737
us,RECESS,chain_weighted_real_gdp,2020,2,2,2020,4,35,27.15142857142857,25.0,16.727124351652026,2020Q4,2,0.0,BEA NIPA-T10101/A191RL-Q (latest vintage),-27.15142857142857,0.07372000734693877
us,RECESS,chain_weighted_real_gdp,2020,2,3,2021,1,35,22.314285714285713,20.0,14.270024998064235,2021Q1,3,0.0,BEA NIPA-T10101/A191RL-Q (latest vintage),-22.314285714285713,0.04979273469387755
us,RECESS,chain_weighted_real_gdp,2020,2,4,2021,2,35,18.142857142857142,15.0,12.781288844941074,2021Q2,4,0.0,BEA NIPA-T10101/A191RL-Q (latest vintage),-18.142857142857142,0.03291632653061224
us,RECESS,chain_weighted_real_gdp,2020,3,0,2020,3,28,11.917857142857143,10.0,11.829813359769634,2020Q3,0,0.0,BEA NIPA-T10101/A191RL-Q (latest vintage),-11.917857142857143,0.0142035318877551
us,RECESS,chain_weighted_real_gdp,2020,3,1,2020,4,28,20.360714285714288,20.0,13.582896088005906,2020Q4,1,0.0,BEA NIPA-T10101/A191RL-Q (latest vintage),-20.360714285714288,0.04145586862244899
us,RECESS,chain_weighted_real_gdp,2020,3,2,2021,1,28,19.182142857142857,20.0,9.407800292799926,2021Q1,2,0.0,BEA NIPA-T10101/A191RL-Q (latest vintage),-19.182142857142857,0.03679546045918367
us,RECESS,chain_weighted_real_gdp,2020,3,3,2021,2,28,18.560714285714287,20.0,9.707894431117094,2021Q2,3,0.0,BEA NIPA-T10101/A191RL-Q (latest vintage),-18.560714285714287,0.034450011479591834
us,RECESS,chain_weighted_real_gdp,2020,3,4,2021,3,28,17.057142857142857,20.0,9.727525990957922,2021Q3,4,0.0,BEA NIPA-T10101/A191RL-Q (latest vintage),-17.057142857142857,0.02909461224489796
us,RECESS,chain_weighted_real_gdp,2020,4,0,2020,4,28,16.428571428571427,13.5,10.922042175848128,2020Q4,0,0.0,BEA NIPA-T10101/A191RL-Q (latest vintage),-16.428571428571427,0.026989795918367337
us,RECESS,chain_weighted_real_gdp,2020,4,1,2021,1,28,20.357142857142858,20.0,10.13689369366246,2021Q1,1,0.0,BEA NIPA-T10101/A191RL-Q (latest vintage),-20.357142857142858,0.04144132653061224
us,RECESS,chain_weighted_real_gdp,2020,4,2,2021,2,28,17.5,15.0,8.613082211681553,2021Q2,2,0.0,BEA NIPA-T10101/A191RL-Q (latest vintage),-17.5,0.030624999999999996
us,RECESS,chain_weighted_real_gdp,2020,4,3,2021,3,28,14.392857142857142,15.0,6.795092377832726,2021Q3,3,0.0,BEA NIPA-T10101/A191RL-Q (latest vintage),-14.392857142857142,0.02071543367346939
us,RECESS,chain_weighted_real_gdp,2020,4,4,2021,4,27,13.88888888888889,15.0,6.547655677553216,2021Q4,4,0.0,BEA NIPA-T10101/A191RL-Q (latest vintage),-13.88888888888889,0.019290123456790126
us,RECESS,chain_weighted_real_gdp,2021,1,0,2021,1,31,19.129032258064516,17.0,13.109136598784506,2021Q1,0,0.0,BEA NIPA-T10101/A191RL-Q (latest vintage),-19.129032258064516,0.03659198751300728
us,RECESS,chain_weighted_real_gdp,2021,1,1,2021,2,31,12.741935483870968,10.0,8.254161544075748,2021Q2,1,0.0,BEA NIPA-T10101/A191RL-Q (latest vintage),-12.741935483870968,0.016235691987513005
us,RECESS,chain_weighted_real_gdp,2021,1,2,2021,3,31,12.345161290322581,10.0,8.445505262551492,2021Q3,2,0.0,BEA NIPA-T10101/A191RL-Q (latest vintage),-12.345161290322581,0.01524030072840791
us,RECESS,chain_weighted_real_gdp,2021,1,3,2021,4,31,12.90967741935484,10.0,8.104293300002976,2021Q4,3,0.0,BEA NIPA-T10101/A191RL-Q (latest vintage),-12.90967741935484,0.016665977107180024
us,RECESS,chain_weighted_real_gdp,2021,1,4,2022,1,30,14.096666666666666,10.0,8.362332760384646,2022Q1,4,100.0,BEA NIPA-T10101/A191RL-Q (latest vintage),85.90333333333334,0.7379382677777777
us,RECESS,chain_weighted_real_gdp,2021,2,0,2021,2,28,3.9499999999999997,2.0,5.074956668306162,2021Q2,0,0.0,BEA NIPA-T10101/A191RL-Q (latest vintage),-3.9499999999999997,0.00156025
us,RECESS,chain_weighted_real_gdp,2021,2,1,2021,3,29,7.306896551724138,5.0,5.718012331626309,2021Q3,1,0.0,BEA NIPA-T10101/A191RL-Q (latest vintage),-7.306896551724138,0.005339073721759811
us,RECESS,chain_weighted_real_gdp,2021,2,2,2021,4,29,10.086206896551724,10.0,6.406008571084485,2021Q4,2,0.0,BEA NIPA-T10101/A191RL-Q (latest vintage),-10.086206896551724,0.010173156956004757
us,RECESS,chain_weighted_real_gdp,2021,2,3,2022,1,29,12.10689655172414,12.0,5.641930459545281,2022Q1,3,100.0,BEA NIPA-T10101/A191RL-Q (latest vintage),87.89310344827587,0.7725197633769321
us,RECESS,chain_weighted_real_gdp,2021,2,4,2022,2,29,13.324137931034482,13.0,6.571891180975327,2022Q2,4,0.0,BEA NIPA-T10101/A191RL-Q (latest vintage),-13.324137931034482,0.017753265160523186
us,RECESS,chain_weighted_real_gdp,2021,3,0,2021,3,30,5.653333333333333,5.0,5.340007318433145,2021Q3,0,0.0,BEA NIPA-T10101/A191RL-Q (latest vintage),-5.653333333333333,0.0031960177777777777
us,RECESS,chain_weighted_real_gdp,2021,3,1,2021,4,30,9.5,8.5,6.344968139372741,2021Q4,1,0.0,BEA NIPA-T10101/A191RL-Q (latest vintage),-9.5,0.009025
us,RECESS,chain_weighted_real_gdp,2021,3,2,2022,1,30,12.0,10.0,6.034384235648926,2022Q1,2,100.0,BEA NIPA-T10101/A191RL-Q (latest vintage),88.0,0.7744
us,RECESS,chain_weighted_real_gdp,2021,3,3,2022,2,30,12.276666666666667,10.65,5.236455983235972,2022Q2,3,0.0,BEA NIPA-T10101/A191RL-Q (latest vintage),-12.276666666666667,0.015071654444444447
us,RECESS,chain_weighted_real_gdp,2021,3,4,2022,3,29,12.879310344827585,12.0,5.924608444587277,2022Q3,4,0.0,BEA NIPA-T10101/A191RL-Q (latest vintage),-12.879310344827585,0.016587663495838286
us,RECESS,chain_weighted_real_gdp,2021,4,0,2021,4,29,9.093103448275862,5.0,9.987561229366499,2021Q4,0,0.0,BEA NIPA-T10101/A191RL-Q (latest vintage),-9.093103448275862,0.008268453032104637
us,RECESS,chain_weighted_real_gdp,2021,4,1,2022,1,29,13.331034482758621,10.0,12.912040434313234,2022Q1,1,100.0,BEA NIPA-T10101/A191RL-Q (latest vintage),86.66896551724138,0.7511509583828776
us,RECESS,chain_weighted_real_gdp,2021,4,2,2022,2,29,14.986206896551725,10.0,12.651587256092501,2022Q2,2,0.0,BEA NIPA-T10101/A191RL-Q (latest vintage),-14.986206896551725,0.022458639714625445
us,RECESS,chain_weighted_real_gdp,2021,4,3,2022,3,29,15.862068965517242,13.0,12.472037689885763,2022Q3,3,0.0,BEA NIPA-T10101/A191RL-Q (latest vintage),-15.862068965517242,0.025160523186682524
us,RECESS,chain_weighted_real_gdp,2021,4,4,2022,4,29,16.92758620689655,15.0,12.753231986770036,2022Q4,4,0.0,BEA NIPA-T10101/A191RL-Q (latest vintage),-16.92758620689655,0.02865431747919143
us,RECESS,chain_weighted_real_gdp,2022,1,0,2022,1,27,20.314814814814813,15.0,17.33890032232334,2022Q1,0,100.0,BEA NIPA-T10101/A191RL-Q (latest vintage),79.68518518518519,0.6349728737997258
us,RECESS,chain_weighted_real_gdp,2022,1,1,2022,2,27,14.807407407407409,13.8,8.98382845946948,2022Q2,1,0.0,BEA NIPA-T10101/A191RL-Q (latest vintage),-14.807407407407409,0.021925931412894378
us,RECESS,chain_weighted_real_gdp,2022,1,2,2022,3,28,17.45357142857143,15.0,10.610842886994735,2022Q3,2,0.0,BEA NIPA-T10101/A191RL-Q (latest vintage),-17.45357142857143,0.030462715561224492
us,RECESS,chain_weighted_real_gdp,2022,1,3,2022,4,28,16.310714285714287,14.5,9.351543318290432,2022Q4,3,0.0,BEA NIPA-T10101/A191RL-Q (latest vintage),-16.310714285714287,0.026603940051020413
us,RECESS,chain_weighted_real_gdp,2022,1,4,2023,1,27,18.074074074074073,15.0,9.710921393049905,2023Q1,4,0.0,BEA NIPA-T10101/A191RL-Q (latest vintage),-18.074074074074073,0.03266721536351166
us,RECESS,chain_weighted_real_gdp,2022,2,0,2022,2,26,19.553846153846152,15.2,17.696309915216354,2022Q2,0,0.0,BEA NIPA-T10101/A191RL-Q (latest vintage),-19.553846153846152,0.03823528994082839
us,RECESS,chain_weighted_real_gdp,2022,2,1,2022,3,26,19.74230769230769,20.0,10.24922135879299,2022Q3,1,0.0,BEA NIPA-T10101/A191RL-Q (latest vintage),-19.74230769230769,0.038975871301775135
us,RECESS,chain_weighted_real_gdp,2022,2,2,2022,4,26,22.226923076923075,20.0,11.7675335628944,2022Q4,2,0.0,BEA NIPA-T10101/A191RL-Q (latest vintage),-22.226923076923075,0.04940361094674555
us,RECESS,chain_weighted_real_gdp,2022,2,3,2023,1,26,28.226923076923075,22.5,17.05176959009962,2023Q1,3,0.0,BEA NIPA-T10101/A191RL-Q (latest vintage),-28.226923076923075,0.07967591863905325
us,RECESS,chain_weighted_real_gdp,2022,2,4,2023,2,26,25.46153846153846,23.5,11.423592321965168,2023Q2,4,0.0,BEA NIPA-T10101/A191RL-Q (latest vintage),-25.46153846153846,0.06482899408284022
us,RECESS,chain_weighted_real_gdp,2022,3,0,2022,3,28,33.9,30.0,20.453705631842706,2022Q3,0,0.0,BEA NIPA-T10101/A191RL-Q (latest vintage),-33.9,0.11492099999999998
us,RECESS,chain_weighted_real_gdp,2022,3,1,2022,4,28,36.025,31.5,19.275653901575772,2022Q4,1,0.0,BEA NIPA-T10101/A191RL-Q (latest vintage),-36.025,0.12978006249999996
us,RECESS,chain_weighted_real_gdp,2022,3,2,2023,1,28,38.0,38.0,19.03602821941516,2023Q1,2,0.0,BEA NIPA-T10101/A191RL-Q (latest vintage),-38.0,0.1444
us,RECESS,chain_weighted_real_gdp,2022,3,3,2023,2,28,36.51428571428571,34.0,19.065534431916753,2023Q2,3,0.0,BEA NIPA-T10101/A191RL-Q (latest vintage),-36.51428571428571,0.13332930612244895
us,RECESS,chain_weighted_real_gdp,2022,3,4,2023,3,28,34.13214285714286,30.0,18.566996876605355,2023Q3,4,0.0,BEA NIPA-T10101/A191RL-Q (latest vintage),-34.13214285714286,0.11650031760204084
us,RECESS,chain_weighted_real_gdp,2022,4,0,2022,4,30,36.306666666666665,31.5,23.848818857954797,2022Q4,0,0.0,BEA NIPA-T10101/A191RL-Q (latest vintage),-36.306666666666665,0.13181740444444442
us,RECESS,chain_weighted_real_gdp,2022,4,1,2023,1,30,47.17333333333333,42.5,21.99948170758345,2023Q1,1,0.0,BEA NIPA-T10101/A191RL-Q (latest vintage),-47.17333333333333,0.22253233777777778
us,RECESS,chain_weighted_real_gdp,2022,4,2,2023,2,30,49.373333333333335,45.0,21.41257982384756,2023Q2,2,0.0,BEA NIPA-T10101/A191RL-Q (latest vintage),-49.373333333333335,0.24377260444444446
us,RECESS,chain_weighted_real_gdp,2022,4,3,2023,3,30,46.14,40.0,21.651353386065175,2023Q3,3,0.0,BEA NIPA-T10101/A191RL-Q (latest vintage),-46.14,0.21288996000000002
us,RECESS,chain_weighted_real_gdp,2022,4,4,2023,4,30,43.5,37.0,20.88515394179353,2023Q4,4,0.0,BEA NIPA-T10101/A191RL-Q (latest vintage),-43.5,0.189225
us,RECESS,chain_weighted_real_gdp,2023,1,0,2023,1,28,40.392857142857146,40.0,23.503095597080453,2023Q1,0,0.0,BEA NIPA-T10101/A191RL-Q (latest vintage),-40.392857142857146,0.16315829081632657
us,RECESS,chain_weighted_real_gdp,2023,1,1,2023,2,28,42.410714285714285,36.25,22.337086571617537,2023Q2,1,0.0,BEA NIPA-T10101/A191RL-Q (latest vintage),-42.410714285714285,0.17986686862244897
us,RECESS,chain_weighted_real_gdp,2023,1,2,2023,3,28,44.85,39.0,20.43364146949103,2023Q3,2,0.0,BEA NIPA-T10101/A191RL-Q (latest vintage),-44.85,0.20115225
us,RECESS,chain_weighted_real_gdp,2023,1,3,2023,4,28,40.61071428571428,35.0,20.222252856247508,2023Q4,3,0.0,BEA NIPA-T10101/A191RL-Q (latest vintage),-40.61071428571428,0.16492301147959176
us,RECESS,chain_weighted_real_gdp,2023,1,4,2024,1,28,31.775000000000002,30.0,18.322898545566176,2024Q1,4,0.0,BEA NIPA-T10101/A191RL-Q (latest vintage),-31.775000000000002,0.10096506250000002
us,RECESS,chain_weighted_real_gdp,2023,2,0,2023,2,29,38.79655172413793,40.0,26.67471358473388,2023Q2,0,0.0,BEA NIPA-T10101/A191RL-Q (latest vintage),-38.79655172413793,0.15051724256837096
us,RECESS,chain_weighted_real_gdp,2023,2,1,2023,3,29,45.16379310344828,50.0,24.706610222164244,2023Q3,1,0.0,BEA NIPA-T10101/A191RL-Q (latest vintage),-45.16379310344828,0.20397682074910825
us,RECESS,chain_weighted_real_gdp,2023,2,2,2023,4,29,41.87758620689655,35.0,22.009152261076107,2023Q4,2,0.0,BEA NIPA-T10101/A191RL-Q (latest vintage),-41.87758620689655,0.1753732226516052
us,RECESS,chain_weighted_real_gdp,2023,2,3,2024,1,29,39.293103448275865,35.0,21.704573761479114,2024Q1,3,0.0,BEA NIPA-T10101/A191RL-Q (latest vintage),-39.293103448275865,0.15439479785969085
us,RECESS,chain_weighted_real_gdp,2023,2,4,2024,2,29,31.789655172413795,30.0,19.54277990218942,2024Q2,4,0.0,BEA NIPA-T10101/A191RL-Q (latest vintage),-31.789655172413795,0.10105821759809751
us,RECESS,chain_weighted_real_gdp,2023,3,0,2023,3,29,21.679310344827588,19.7,20.065346448013745,2023Q3,0,0.0,BEA NIPA-T10101/A191RL-Q (latest vintage),-21.679310344827588,0.04699924970273484
us,RECESS,chain_weighted_real_gdp,2023,3,1,2023,4,29,34.38275862068966,30.0,23.923808657687747,2023Q4,1,0.0,BEA NIPA-T10101/A191RL-Q (latest vintage),-34.38275862068966,0.1182174090368609
us,RECESS,chain_weighted_real_gdp,2023,3,2,2024,1,29,37.58965517241379,35.0,22.58122394550055,2024Q1,2,0.0,BEA NIPA-T10101/A191RL-Q (latest vintage),-37.58965517241379,0.14129821759809752
us,RECESS,chain_weighted_real_gdp,2023,3,3,2024,2,29,35.351724137931036,30.0,17.968675535292267,2024Q2,3,0.0,BEA NIPA-T10101/A191RL-Q (latest vintage),-35.351724137931036,0.12497443995243758
us,RECESS,chain_weighted_real_gdp,2023,3,4,2024,3,29,34.41379310344828,33.0,17.286487789557548,2024Q3,4,0.0,BEA NIPA-T10101/A191RL-Q (latest vintage),-34.41379310344828,0.11843091557669441
us,RECESS,chain_weighted_real_gdp,2023,4,0,2023,4,26,31.75,30.0,24.079555643740605,2023Q4,0,0.0,BEA NIPA-T10101/A191RL-Q (latest vintage),-31.75,0.10080625
us,RECESS,chain_weighted_real_gdp,2023,4,1,2024,1,26,40.861538461538466,35.0,23.379017548615288,2024Q1,1,0.0,BEA NIPA-T10101/A191RL-Q (latest vintage),-40.861538461538466,0.16696653254437874
us,RECESS,chain_weighted_real_gdp,2023,4,2,2024,2,26,40.18846153846154,32.5,21.094725917595174,2024Q2,2,0.0,BEA NIPA-T10101/A191RL-Q (latest vintage),-40.18846153846154,0.16151124408284023
us,RECESS,chain_weighted_real_gdp,2023,4,3,2024,3,26,36.75,35.0,17.246014032233653,2024Q3,3,0.0,BEA NIPA-T10101/A191RL-Q (latest vintage),-36.75,0.13505625
us,RECESS,chain_weighted_real_gdp,2023,4,4,2024,4,26,34.65769230769231,35.0,16.550484538572835,2024Q4,4,0.0,BEA NIPA-T10101/A191RL-Q (latest vintage),-34.65769230769231,0.12011556360946744
us,RECESS,chain_weighted_real_gdp,2024,1,0,2024,1,26,17.296153846153846,17.5,15.957706120097106,2024Q1,0,0.0,BEA NIPA-T10101/A191RL-Q (latest vintage),-17.296153846153846,0.029915693786982254
us,RECESS,chain_weighted_real_gdp,2024,1,1,2024,2,26,23.942307692307693,20.0,16.3121592213152,2024Q2,1,0.0,BEA NIPA-T10101/A191RL-Q (latest vintage),-23.942307692307693,0.05732340976331361
us,RECESS,chain_weighted_real_gdp,2024,1,2,2024,3,26,25.569230769230767,22.5,14.761863547147946,2024Q3,2,0.0,BEA NIPA-T10101/A191RL-Q (latest vintage),-25.569230769230767,0.06537855621301773
us,RECESS,chain_weighted_real_gdp,2024,1,3,2024,4,26,25.573076923076922,25.0,12.37169536295839,2024Q4,3,0.0,BEA NIPA-T10101/A191RL-Q (latest vintage),-25.573076923076922,0.06539822633136093
us,RECESS,chain_weighted_real_gdp,2024,1,4,2025,1,26,25.176923076923078,25.0,13.612268222226822,2025Q1,4,100.0,BEA NIPA-T10101/A191RL-Q (latest vintage),74.82307692307693,0.5598492840236686
us,RECESS,chain_weighted_real_gdp,2024,2,0,2024,2,27,14.411111111111111,10.0,16.709562746507974,2024Q2,0,0.0,BEA NIPA-T10101/A191RL-Q (latest vintage),-14.411111111111111,0.020768012345679012
us,RECESS,chain_weighted_real_gdp,2024,2,1,2024,3,27,18.74074074074074,15.0,15.749462976418723,2024Q3,1,0.0,BEA NIPA-T10101/A191RL-Q (latest vintage),-18.74074074074074,0.03512153635116598
us,RECESS,chain_weighted_real_gdp,2024,2,2,2024,4,27,22.52962962962963,20.0,14.43568800989715,2024Q4,2,0.0,BEA NIPA-T10101/A191RL-Q (latest vintage),-22.52962962962963,0.05075842112482852
us,RECESS,chain_weighted_real_gdp,2024,2,3,2025,1,27,25.562962962962963,25.0,13.820390402705378,2025Q1,3,100.0,BEA NIPA-T10101/A191RL-Q (latest vintage),74.43703703703704,0.5540872482853223
us,RECESS,chain_weighted_real_gdp,2024,2,4,2025,2,27,25.63703703703704,25.0,14.164531764726998,2025Q2,4,0.0,BEA NIPA-T10101/A191RL-Q (latest vintage),-25.63703703703704,0.0657257668038409
us,RECESS,chain_weighted_real_gdp,2024,3,0,2024,3,27,16.155555555555555,10.0,17.90765485941983,2024Q3,0,0.0,BEA NIPA-T10101/A191RL-Q (latest vintage),-16.155555555555555,0.0261001975308642
us,RECESS,chain_weighted_real_gdp,2024,3,1,2024,4,27,21.01111111111111,19.0,16.931407623188456,2024Q4,1,0.0,BEA NIPA-T10101/A191RL-Q (latest vintage),-21.01111111111111,0.04414667901234567
us,RECESS,chain_weighted_real_gdp,2024,3,2,2025,1,27,27.28148148148148,25.0,13.900775767976654,2025Q1,2,100.0,BEA NIPA-T10101/A191RL-Q (latest vintage),72.71851851851852,0.528798293552812
us,RECESS,chain_weighted_real_gdp,2024,3,3,2025,2,27,27.644444444444442,25.0,11.744633253380467,2025Q2,3,0.0,BEA NIPA-T10101/A191RL-Q (latest vintage),-27.644444444444442,0.07642153086419752
us,RECESS,chain_weighted_real_gdp,2024,3,4,2025,3,27,24.985185185185188,25.0,9.78490610401487,2025Q3,4,0.0,BEA NIPA-T10101/A191RL-Q (latest vintage),-24.985185185185188,0.06242594787379974
us,RECESS,chain_weighted_real_gdp,2024,4,0,2024,4,27,8.911111111111111,5.0,7.005620454229442,2024Q4,0,0.0,BEA NIPA-T10101/A191RL-Q (latest vintage),-8.911111111111111,0.007940790123456791
us,RECESS,chain_weighted_real_gdp,2024,4,1,2025,1,27,14.95185185185185,15.0,7.799968953112292,2025Q1,1,100.0,BEA NIPA-T10101/A191RL-Q (latest vintage),85.04814814814814,0.7233187503429356
us,RECESS,chain_weighted_real_gdp,2024,4,2,2025,2,27,19.692592592592593,18.0,9.655485723587631,2025Q2,2,0.0,BEA NIPA-T10101/A191RL-Q (latest vintage),-19.692592592592593,0.038779820301783265
us,RECESS,chain_weighted_real_gdp,2024,4,3,2025,3,27,22.42222222222222,20.0,10.919894805541974,2025Q3,3,0.0,BEA NIPA-T10101/A191RL-Q (latest vintage),-22.42222222222222,0.0502756049382716
us,RECESS,chain_weighted_real_gdp,2024,4,4,2025,4,27,23.27037037037037,20.0,11.37493245338575,2025Q4,4,0.0,BEA NIPA-T10101/A191RL-Q (latest vintage),-23.27037037037037,0.05415101371742112
us,RECESS,chain_weighted_real_gdp,2025,1,0,2025,1,31,9.716129032258063,5.0,14.055297857016845,2025Q1,0,100.0,BEA NIPA-T10101/A191RL-Q (latest vintage),90.28387096774193,0.8151177356919874
us,RECESS,chain_weighted_real_gdp,2025,1,1,2025,2,31,15.374193548387096,15.0,11.443279475801084,2025Q2,1,0.0,BEA NIPA-T10101/A191RL-Q (latest vintage),-15.374193548387096,0.02363658272632674
us,RECESS,chain_weighted_real_gdp,2025,1,2,2025,3,31,19.83225806451613,18.0,11.61574756086966,2025Q3,2,0.0,BEA NIPA-T10101/A191RL-Q (latest vintage),-19.83225806451613,0.0393318459937565
us,RECESS,chain_weighted_real_gdp,2025,1,3,2025,4,31,23.293548387096774,20.0,15.131180510981752,2025Q4,3,0.0,BEA NIPA-T10101/A191RL-Q (latest vintage),-23.293548387096774,0.054258939646201876
us,RECESS,chain_weighted_real_gdp,2025,1,4,2026,1,31,23.66354838709677,23.0,11.83934642013291,2026Q1,4,0.0,BEA NIPA-T10101/A191RL-Q (latest vintage),-23.66354838709677,0.055996352226847027
us,RECESS,chain_weighted_real_gdp,2025,2,0,2025,2,29,36.971724137931034,25.0,31.272571970266025,2025Q2,0,0.0,BEA NIPA-T10101/A191RL-Q (latest vintage),-36.971724137931034,0.13669083857312722
us,RECESS,chain_weighted_real_gdp,2025,2,1,2025,3,29,36.08758620689655,35.0,15.199413911438544,2025Q3,1,0.0,BEA NIPA-T10101/A191RL-Q (latest vintage),-36.08758620689655,0.13023138782401905
us,RECESS,chain_weighted_real_gdp,2025,2,2,2025,4,29,33.87103448275862,35.0,12.691449974808009,2025Q4,2,0.0,BEA NIPA-T10101/A191RL-Q (latest vintage),-33.87103448275862,0.11472469769322233
us,RECESS,chain_weighted_real_gdp,2025,2,3,2026,1,29,28.49758620689655,30.0,12.732964432968135,2026Q1,3,0.0,BEA NIPA-T10101/A191RL-Q (latest vintage),-28.49758620689655,0.08121124196195006
us,RECESS,chain_weighted_real_gdp,2025,2,4,2026,2,29,24.99758620689655,25.0,11.44256578843487,2026Q2,4,0.0,BEA NIPA-T10101/A191RL-Q (latest vintage),-24.99758620689655,0.06248793161712246
us,RECESS,chain_weighted_real_gdp,2025,3,0,2025,3,26,22.834615384615386,25.0,16.570792191266953,2025Q3,0,0.0,BEA NIPA-T10101/A191RL-Q (latest vintage),-22.834615384615386,0.05214196597633137
us,RECESS,chain_weighted_real_gdp,2025,3,1,2025,4,26,29.58076923076923,27.5,17.881432140201056,2025Q4,1,0.0,BEA NIPA-T10101/A191RL-Q (latest vintage),-29.58076923076923,0.08750219082840238
us,RECESS,chain_weighted_real_gdp,2025,3,2,2026,1,26,28.93769230769231,26.0,15.941115972902853,2026Q1,2,0.0,BEA NIPA-T10101/A191RL-Q (latest vintage),-28.93769230769231,0.08373900360946746
us,RECESS,chain_weighted_real_gdp,2025,3,3,2026,2,26,24.98384615384615,25.0,15.873139091414293,2026Q2,3,0.0,BEA NIPA-T10101/A191RL-Q (latest vintage),-24.98384615384615,0.06241925686390531
us,RECESS,chain_weighted_real_gdp,2025,3,4,2026,3,26,24.02615384615385,25.0,14.418311434262497,2026Q3,4,,,,
us,RECESS,chain_weighted_real_gdp,2025,4,0,2025,4,27,22.85185185185185,20.0,18.895876032990138,2025Q4,0,0.0,BEA NIPA-T10101/A191RL-Q (latest vintage),-22.85185185185185,0.05222071330589849
us,RECESS,chain_weighted_real_gdp,2025,4,1,2026,1,27,24.037037037037038,20.0,16.343621389213595,2026Q1,1,0.0,BEA NIPA-T10101/A191RL-Q (latest vintage),-24.037037037037038,0.05777791495198903
us,RECESS,chain_weighted_real_gdp,2025,4,2,2026,2,27,26.262962962962963,25.0,11.944008737829385,2026Q2,2,0.0,BEA NIPA-T10101/A191RL-Q (latest vintage),-26.262962962962963,0.06897432235939642
us,RECESS,chain_weighted_real_gdp,2025,4,3,2026,3,27,24.78148148148148,25.0,12.31778067663655,2026Q3,3,,,,
us,RECESS,chain_weighted_real_gdp,2025,4,4,2026,4,27,23.55925925925926,20.0,12.202088700749913,2026Q4,4,,,,
us,RECESS,chain_weighted_real_gdp,2026,1,0,2026,1,28,17.814285714285713,15.0,16.06108050158229,2026Q1,0,0.0,BEA NIPA-T10101/A191RL-Q (latest vintage),-17.814285714285713,0.031734877551020405
us,RECESS,chain_weighted_real_gdp,2026,1,1,2026,2,28,20.942857142857143,20.0,12.575208666891895,2026Q2,1,0.0,BEA NIPA-T10101/A191RL-Q (latest vintage),-20.942857142857143,0.04386032653061225
us,RECESS,chain_weighted_real_gdp,2026,1,2,2026,3,28,21.875,20.0,12.683924646750487,2026Q3,2,,,,
us,RECESS,chain_weighted_real_gdp,2026,1,3,2026,4,28,22.70357142857143,20.0,12.370558900600551,2026Q4,3,,,,
us,RECESS,chain_weighted_real_gdp,2026,1,4,2027,1,28,23.59642857142857,20.0,13.80999321862298,2027Q1,4,,,,
us,RECESS,chain_weighted_real_gdp,2026,2,0,2026,2,24,17.8625,15.0,18.099527077655445,2026Q2,0,0.0,BEA NIPA-T10101/A191RL-Q (latest vintage),-17.8625,0.031906890625
us,RECESS,chain_weighted_real_gdp,2026,2,1,2026,3,24,25.054166666666664,20.0,15.983441953054626,2026Q3,1,,,,
us,RECESS,chain_weighted_real_gdp,2026,2,2,2026,4,24,24.491666666666664,20.0,11.390763484228051,2026Q4,2,,,,
us,RECESS,chain_weighted_real_gdp,2026,2,3,2027,1,24,25.724999999999998,23.7,14.77975260133003,2027Q1,3,,,,
us,RECESS,chain_weighted_real_gdp,2026,2,4,2027,2,24,23.03333333333333,22.9,11.042631486422408,2027Q2,4,,,,
us,RECESS,chain_weighted_real_gdp,2026,3,0,2026,3,24,13.2875,13.5,14.392972696544598,2026Q3,0,,,,
us,RECESS,chain_weighted_real_gdp,2026,3,1,2026,4,24,19.966666666666665,16.6,13.37975975174789,2026Q4,1,,,,
us,RECESS,chain_weighted_real_gdp,2026,3,2,2027,1,24,21.495833333333334,20.0,11.59068138322921,2027Q1,2,,,,
us,RECESS,chain_weighted_real_gdp,2026,3,3,2027,2,24,21.95,20.0,12.545187887410645,2027Q2,3,,,,
us,RECESS,chain_weighted_real_gdp,2026,3,4,2027,3,23,20.821739130434782,20.0,12.778673872075059,2027Q3,4,,,,
